Elapsed Sec,Evacuee Count
0.2199999,0
6.899994,0
10.24004,0
12.20009,0
13.60012,0
14.80015,0
16.00018,0
17.1202,0
18.52023,0
19.84026,0
21.00029,0
22.10032,0
23.22034,0
24.46037,0
25.7004,0
26.96043,0
28.10045,0
29.24048,0
30.42051,0
31.62053,0
32.84056,0
34.02059,0
35.24062,0
36.42064,0
37.62067,0
38.8407,0
40.02073,0
41.20075,0
42.38078,0
43.68081,0
45.02084,0
46.18087,0
47.4809,0
48.68092,0
49.82095,0
50.98098,0
52.121,0
53.24103,0
54.36105,0
55.52108,0
56.72111,0
57.96114,0
59.20116,0
60.42119,0
61.80122,0
63.08125,0
64.32122,0
65.58101,0
66.86079,0
68.22057,0
69.62033,0
71.06009,0
72.55984,0
73.9596,0
75.27938,0
76.59916,0
77.97893,0
79.43868,0
80.89844,0
82.21822,0
83.55799,0
84.87777,0
86.27753,0
87.75729,0
89.27703,0
90.91676,0
92.53648,0
94.19621,0
95.73595,0
97.15571,0
98.61546,0
100.0952,0
101.8349,0
103.4347,0
105.0344,0
106.5741,0
108.1339,0
109.6536,0
111.0334,0
112.3532,0
113.6529,0
115.1727,0
116.7924,0
118.3322,0
119.9919,0
121.3316,0
122.6114,0
123.8712,0
125.191,0
126.5108,0
127.8306,0
129.2508,0
130.8111,0
132.0714,0
133.2316,0
134.3919,0
135.5921,0
136.8924,0
138.2927,0
139.573,0
140.9533,0
142.2936,0
143.4938,0
144.7941,0
146.1544,0
147.3747,0
148.735,0
150.0752,0
151.4555,0
153.0359,0
154.3962,0
155.6564,0
157.0367,0
158.537,0
159.9774,0
161.4977,0
162.938,0
164.2383,0
165.5585,0
166.8588,0
168.0591,0
169.2793,0
170.6396,0
171.8999,0
173.1802,0
174.4404,0
175.6607,0
176.881,0
178.0812,0
179.3015,0
180.5618,0
181.762,0
182.9423,0
184.1625,0
185.3628,0
186.523,0
187.7633,0
188.9435,0
190.1638,0
191.4041,0
192.6643,0
193.8046,0
194.9848,0
196.1251,0
197.3253,0
198.4856,0
199.8859,0
201.1662,0
202.5064,0
203.8467,0
205.287,0
206.5673,0
207.7676,0
208.9878,0
210.1681,0
211.3683,0
212.5886,0
213.8089,0
215.0091,0
216.2894,0
217.5497,0
218.8699,0
220.1702,0
221.3905,0
222.5907,0
223.831,0
225.0112,0
226.2115,0
227.4118,0
228.672,0
229.9523,0
231.1726,0
232.3728,0
233.6531,0
234.8533,0
236.0136,0
237.1738,0
238.3541,0
239.5744,0
240.7946,0
241.9349,0
243.0751,0
244.2954,0
245.4956,0
246.7759,0
248.0562,0
249.3364,0
250.5367,0
251.957,0
253.0972,0
254.2575,0
255.4377,0
256.6175,0
257.8369,0
259.0562,0
260.2555,0
261.4948,0
262.6742,0
263.9135,0
265.1528,0
266.3522,0
267.5315,0
268.7509,0
269.9502,0
271.2495,0
272.4688,0
273.6881,0
274.9674,0
276.2467,0
277.4861,0
278.7054,0
280.0247,0
281.284,0
282.5233,0
283.8226,0
285.1618,0
286.5411,0
287.8604,0
289.1396,0
290.6188,0
292.098,0
293.4773,0
294.9565,0
296.3157,0
297.615,0
298.9143,0
300.2535,0
301.5928,0
302.8521,0
304.0914,0
305.3507,0
306.67,0
307.9493,0
309.1886,0
310.348,0
311.5273,0
312.6467,0
313.7461,0
314.9255,0
316.0848,0
317.2042,0
318.3036,0
319.383,0
320.4824,0
321.5818,0
322.7012,0
323.7406,0
324.82,0
325.9194,0
327.0188,0
328.0982,0
329.2776,0
330.417,0
331.5763,0
332.7157,0
333.7751,0
334.8545,0
336.0339,0
337.2532,0
338.5125,0
339.6919,0
340.8912,0
342.0706,0
343.2299,0
344.3693,0
345.4887,0
346.6081,0
347.9073,0
349.1467,0
350.366,0
351.6453,0
352.8846,0
354.1039,0
355.3033,0
356.4826,0
357.622,0
358.7814,0
359.9207,0
361.0801,0
362.2595,0
363.4388,0
364.5382,0
365.6176,0
366.797,0
367.9363,0
369.0757,0
370.415,0
371.7942,0
372.9536,0
374.013,0
375.0524,0
376.1318,0
377.2312,0
378.3306,0
379.47,0
380.6893,0
381.8287,0
383.028,0
384.1874,0
385.2668,0
386.3262,0
387.3457,0
388.4051,0
389.6644,0
390.8238,0
391.9431,0
392.9826,0
394.022,0
395.0614,0
396.2808,0
397.5001,0
398.8793,0
400.0787,0
401.298,0
402.3974,0
403.4968,0
404.5562,0
405.6556,0
406.715,0
407.8944,0
409.0338,0
410.1531,0
411.2925,0
412.3919,0
413.5513,0
414.6107,0
415.7501,0
416.9494,0
418.0888,0
419.1682,0
420.2876,0
421.407,0
422.5263,0
423.6657,0
424.8651,0
426.0844,0
427.3237,0
428.4831,0
429.5625,0
430.6219,0
431.7213,0
432.8207,0
433.9001,0
435.0395,0
436.1389,0
437.3182,0
438.4776,0
439.577,0
440.6364,0
442.1356,0
443.6547,0
445.1739,0
446.4732,0
447.6525,0
448.7919,0
449.9912,0
451.1306,0
452.29,0
453.4493,0
454.6487,0
455.828,0
456.9674,0
458.1468,0
459.3861,0
460.5654,0
461.7848,0
463.0441,0
464.3434,0
465.5627,0
466.862,0
468.2412,0
469.7404,0
471.4594,0
473.1785,0
474.8176,0
476.3967,0
478.0558,0
480.0947,0
481.9537,0
483.6527,0
485.3318,0
486.9309,0
488.67,0
490.389,0
491.9682,0
493.4274,0
495.0665,0
496.7655,0
498.5246,0
500.3236,0
502.0626,0
503.8416,0
505.6207,0
507.2198,0
508.8189,0
510.418,0
512.0572,0
513.6988,0
515.5406,0
517.2823,0
519.084,0
520.9459,0
522.8077,0
524.5694,0
526.3912,0
528.253,0
530.1548,0
532.1968,0
534.9595,0
537.4019,0
539.4839,0
541.2457,0
543.0474,0
544.649,0
546.1304,0
547.4517,0
548.713,0
550.0142,0
551.2755,0
552.4966,0
553.7579,0
555.0591,0
556.3404,0
557.7418,0
559.3033,0
560.8648,0
562.2061,0
563.4874,0
564.8687,0
566.1099,1
567.2911,1
568.4322,2
569.7935,2
571.1949,2
572.336,2
573.6373,2
574.8985,2
575.9595,2
576.9805,2
578.0015,2
579.0425,2
580.0635,2
581.0845,2
582.1656,2
583.2066,2
584.1876,2
585.2086,2
586.1895,2
587.2105,2
588.2115,2
589.1924,2
590.1734,2
591.1744,2
592.1754,2
593.1363,2
594.0972,2
595.0582,2
596.0391,2
597.0001,2
597.981,2
598.962,2
599.9229,2
600.9439,2
602.0049,2
603.046,2
604.087,2
605.0679,2
606.0089,2
606.9097,2
607.8306,2
608.7115,2
609.6924,2
610.5933,2
611.5342,2
612.4752,2
613.376,2
614.2969,2
615.2178,2
616.0787,2
617.0196,2
617.9405,2
618.9014,2
619.8423,2
620.8433,2
621.8443,2
622.8253,2
623.8863,2
624.9673,2
625.9883,2
627.0294,2
628.0904,2
629.0513,2
629.9922,2
630.9532,2
631.8941,2
632.795,2
633.7359,2
634.6568,2
635.5777,2
636.5186,2
637.4395,2
638.3804,2
639.2813,2
640.1822,2
641.1631,2
642.1041,2
643.025,2
643.9459,2
644.8668,2
645.8878,2
646.8887,2
647.9097,2
648.9908,2
649.9717,2
650.8526,2
651.7735,2
652.6544,2
653.5552,2
654.4761,2
655.357,2
656.2579,2
657.2188,2
658.1397,2
659.0406,2
659.9214,2
660.8223,2
661.7833,2
662.6841,2
663.6251,2
664.586,2
665.5069,2
666.4078,2
667.2886,2
668.1895,2
669.1104,2
670.0914,2
671.0523,2
672.0333,2
673.0142,2
673.9551,2
674.9161,2
675.837,2
676.7579,2
677.7188,2
678.7198,2
679.6607,2
680.6216,2
681.6026,2
682.5836,2
683.6646,2
684.7256,2
685.7066,2
686.6475,2
687.6085,2
688.5694,2
689.6104,2
690.6915,2
691.7925,2
692.8936,2
693.9547,2
694.9556,2
695.9366,2
696.8975,2
697.8585,2
698.8995,2
700.0005,2
700.9815,2
702.0225,2
703.0035,2
704.0245,2
704.9654,2
705.9063,2
706.8272,2
707.7681,2
708.669,2
709.65,2
710.6309,2
711.5919,2
712.4927,2
713.3936,2
714.3345,2
715.3355,2
716.3165,2
717.3375,2
718.3184,2
719.2593,2
720.1802,2
721.1812,2
722.1622,2
723.1231,2
724.1241,2
725.1251,2
726.066,2
727.067,2
728.108,2
729.169,2
730.3101,2
731.5313,2
732.6524,2
733.7535,2
734.9346,2
736.1758,2
737.397,2
738.6182,2
739.7794,2
741.0206,2
742.3018,2
743.523,2
744.7442,2
746.0054,2
747.1465,2
748.2877,2
749.3887,2
750.4898,2
751.6509,2
752.772,2
753.813,2
754.8941,2
755.9551,2
756.9962,2
758.0572,2
759.1182,2
760.2193,2
761.3604,2
762.6216,2
763.7227,2
764.8839,2
766.025,2
767.106,2
768.147,2
769.168,2
770.209,2
771.2701,2
772.3311,2
773.3521,2
774.3531,2
775.334,2
776.335,2
777.316,2
778.317,2
779.418,2
780.5191,2
781.6002,2
782.7012,2
783.7823,2
784.8033,2
785.8243,2
786.8052,2
787.7862,2
788.7071,2
789.648,2
790.6089,2
791.6099,2
792.5709,2
793.5718,2
794.5728,2
795.4937,2
796.4346,2
797.3956,2
798.3165,2
799.2574,2
800.1783,2
801.1192,2
801.98,2
802.981,2
803.9019,2
804.8829,2
805.8238,2
806.7647,2
807.7457,2
808.7667,2
809.7076,2
810.6685,2
811.6695,2
812.6505,2
813.5714,2
814.5523,2
815.5132,2
816.4542,2
817.3751,2
818.336,2
819.2969,2
820.2379,2
821.1788,2
822.1597,2
823.2608,2
824.3819,2
825.483,2
826.584,2
827.6851,2
828.7261,2
829.7672,2
830.7481,2
831.709,2
832.67,2
833.6309,2
834.5718,2
835.5328,2
836.5137,2
837.4547,2
838.3956,2
839.3765,2
840.3375,2
841.2984,2
842.2393,2
843.1802,2
844.1612,2
845.1422,2
846.1031,2
847.1041,2
848.085,2
849.0259,2
849.9869,2
850.9278,2
851.9088,2
852.8497,2
853.8106,2
854.8316,2
855.8526,2
856.8736,2
857.8946,2
858.8755,2
859.8165,2
860.7574,2
861.6983,2
862.6793,2
863.7203,2
864.6812,2
865.6822,2
866.6631,2
867.6241,2
868.6251,2
869.6861,2
870.7071,2
871.7081,2
872.7891,2
873.7701,2
874.691,2
875.5919,2
876.4727,2
877.3536,2
878.3546,2
879.2755,2
880.2164,2
881.1773,2
882.2784,2
883.2593,2
884.2203,2
885.2413,2
886.3824,2
887.5435,2
888.6846,2
889.8257,2
891.0469,2
892.3082,2
893.4693,2
894.6304,2
895.9717,2
897.273,2
898.7945,2
900.5162,2
902.2379,2
903.9595,2
905.7413,2
907.4229,2
908.8443,2
910.1856,2
911.567,2
913.0284,2
914.73,2
916.2515,2
917.6129,2
918.9341,2
920.4556,2
921.9571,2
923.3585,2
924.6597,2
926.001,2
927.7227,2
929.2242,2
930.6255,2
932.067,2
933.3282,2
934.8096,2
936.3912,2
937.8526,2
939.1539,2
940.5953,2
942.2169,2
943.7784,2
945.44,2
947.1617,2
948.6631,2
950.1046,2
951.3858,2
952.6871,2
954.0084,2
955.2496,2
956.6309,2
958.1324,2
959.7139,2
961.0753,2
962.4566,2
963.918,2
965.4195,2
967.0611,2
968.9029,2
970.4644,2
971.8057,2
973.127,2
974.4083,2
975.8697,2
977.4713,2
978.9327,2
980.334,2
981.7354,2
983.1568,2
984.6382,2
986.0997,2
987.5611,2
989.0025,2
990.4039,2
991.9454,2
993.4869,2
995.0284,2
996.4698,2
997.8111,2
999.2725,2
1000.774,2
1002.175,2
1003.637,2
1004.938,2
1006.219,2
1007.821,2
1009.182,2
1010.443,2
1011.725,2
1012.926,2
1014.147,2
1015.588,2
1017.09,2
1018.431,2
1019.773,2
1021.274,2
1022.655,2
1024.037,2
1025.498,2
1026.939,2
1028.561,2
1030.083,2
1031.564,2
1032.965,2
1034.327,2
1035.628,2
1036.889,2
1038.13,2
1039.592,2
1041.033,2
1042.354,2
1043.796,2
1045.317,2
1046.699,2
1048.521,2
1050.302,2
1051.864,2
1053.465,2
1054.767,2
1055.948,2
1057.229,2
1058.61,2
1060.072,2
1061.393,2
1062.734,2
1064.116,2
1065.397,2
1066.618,2
1067.879,2
1069.101,2
1070.542,2
1071.963,2
1073.225,2
1074.546,2
1075.787,2
1076.828,2
1077.829,2
1078.81,2
1079.771,2
1080.692,2
1081.693,2
1082.634,2
1083.635,2
1084.656,2
1085.657,2
1086.678,2
1087.679,2
1088.76,2
1089.921,2
1091.022,2
1092.123,2
1093.224,2
1094.265,2
1095.326,2
1096.307,2
1097.288,2
1098.249,2
1099.25,2
1100.191,2
1101.192,2
1102.213,2
1103.294,2
1104.275,2
1105.236,2
1106.157,2
1107.118,2
1108.139,2
1109.14,2
1110.141,2
1111.102,2
1112.042,2
1112.983,2
1113.904,2
1114.865,2
1115.826,2
1116.727,2
1117.668,2
1118.589,2
1119.53,2
1120.451,2
1121.372,2
1122.313,2
1123.253,2
1124.214,2
1125.155,2
1126.076,2
1127.077,2
1128.038,2
1129.119,2
1130.16,2
1131.181,2
1132.242,2
1133.243,2
1134.184,2
1135.105,2
1136.106,2
1137.167,2
1138.208,2
1139.269,2
1140.27,2
1141.251,2
1142.172,2
1143.113,2
1144.074,2
1145.015,2
1145.936,2
1146.856,2
1147.797,2
1148.758,2
1149.719,2
1150.74,2
1151.701,2
1152.662,2
1153.603,2
1154.544,2
1155.505,2
1156.466,2
1157.387,2
1158.308,2
1159.229,2
1160.109,2
1160.99,2
1161.931,2
1162.832,2
1163.713,2
1164.674,2
1165.675,2
1166.596,2
1167.497,2
1168.438,2
1169.378,2
1170.299,2
1171.3,2
1172.341,2
1173.302,2
1174.283,2
1175.264,2
1176.325,2
1177.306,2
1178.287,2
1179.248,2
1180.289,2
1181.35,2
1182.371,2
1183.452,2
1184.473,2
1185.494,2
1186.495,2
1187.516,2
1188.557,2
1189.618,2
1190.739,2
1191.94,2
1193.001,2
1194.063,2
1195.083,2
1196.104,2
1197.105,2
1198.267,2
1199.428,2
1200.549,2
1201.69,2
1202.851,2
1204.012,2
1205.173,2
1206.354,2
1208.096,2
1209.498,2
1210.579,2
1211.54,2
1212.601,2
1213.642,2
1214.603,2
1215.563,2
1216.544,2
1217.525,2
1218.586,2
1219.627,2
1220.688,2
1221.75,2
1222.831,2
1223.912,2
1224.993,2
1226.114,2
1227.255,2
1228.396,2
1229.477,2
1230.498,2
1231.459,2
1232.42,2
1233.321,2
1234.262,2
1235.223,2
1236.144,2
1237.084,2
1238.025,2
1238.986,2
1239.927,2
1240.888,2
1241.849,2
1242.81,2
1243.771,2
1244.792,2
1245.833,2
1246.794,2
1247.815,2
1248.856,2
1249.877,2
1250.858,2
1251.839,2
1252.88,2
1253.841,2
1254.822,2
1255.783,2
1256.764,2
1257.745,2
1258.746,2
1259.747,2
1260.728,2
1261.688,2
1262.75,2
1263.73,2
1264.711,2
1265.692,2
1266.793,2
1267.834,2
1268.916,2
1270.077,2
1271.238,2
1272.379,2
1273.7,2
1274.841,2
1275.882,2
1276.903,2
1277.964,2
1279.206,2
1280.367,2
1281.508,2
1282.549,2
1283.67,2
1284.751,2
1285.752,2
1286.733,2
1287.814,2
1288.835,2
1289.936,2
1291.017,2
1292.118,2
1293.159,2
1294.16,2
1295.181,2
1296.242,2
1297.343,2
1298.444,2
1299.525,2
1300.667,2
1301.728,2
1302.749,2
1303.75,2
1304.851,2
1305.892,2
1306.913,2
1307.894,2
1309.055,2
1310.176,2
1311.357,2
1312.618,2
1313.839,2
1315.121,2
1316.402,2
1317.623,2
1318.844,2
1320.005,2
1321.126,2
1322.167,2
1323.369,2
1324.43,2
1325.471,2
1326.472,2
1327.533,2
1328.594,2
1329.635,2
1330.676,2
1331.817,2
1332.858,2
1333.919,2
1334.92,2
1335.981,2
1337.042,2
1338.083,2
1339.124,2
1340.105,2
1341.086,2
1342.147,2
1343.208,2
1344.369,2
1345.41,2
1346.431,2
1347.372,2
1348.373,2
1349.354,2
1350.355,2
1351.316,2
1352.357,2
1353.438,2
1354.539,2
1355.66,2
1356.721,2
1357.882,2
1358.963,2
1360.064,2
1361.246,2
1362.487,2
1363.828,2
1364.989,2
1366.09,2
1367.211,2
1368.292,2
1369.293,2
1370.334,2
1371.396,2
1372.437,2
1373.438,2
1374.519,2
1375.56,2
1376.621,2
1377.642,2
1378.623,2
1379.784,2
1380.845,2
1381.866,2
1382.907,2
1384.028,2
1385.129,2
1386.19,2
1387.511,2
1388.913,2
1390.034,2
1391.155,2
1392.276,2
1393.357,2
1394.378,2
1395.439,2
1396.5,2
1397.741,2
1399.022,2
1400.164,2
1401.385,2
1402.646,2
1403.767,2
1405.048,2
1406.51,2
1407.931,2
1409.373,2
1410.814,2
1412.155,2
1413.577,2
1414.838,2
1415.999,2
1417.36,2
1418.642,2
1419.723,2
1420.984,2
1422.185,2
1423.286,2
1424.487,2
1425.769,2
1426.91,2
1428.151,2
1429.432,2
1430.653,2
1431.955,2
1433.256,2
1434.337,2
1435.538,2
1436.739,2
1437.8,2
1438.781,2
1439.822,2
1440.843,2
1441.844,2
1442.865,2
1443.886,2
1444.987,2
1446.148,2
1447.25,2
1448.291,2
1449.352,2
1450.493,2
1451.754,2
1453.075,2
1454.256,2
1455.397,2
1456.398,2
1457.52,2
1458.741,2
1459.762,2
1460.723,2
1461.824,2
1462.865,2
1463.786,2
1464.967,2
1466.168,2
1467.329,2
1468.61,2
1469.912,2
1471.113,2
1472.334,2
1473.615,2
1474.676,2
1475.877,2
1477.019,2
1478,2
1479.121,2
1480.242,2
1481.183,2
1482.204,2
1483.285,2
1484.366,2
1485.487,2
1486.548,2
1487.449,2
1488.43,2
1489.331,2
1490.231,2
1491.112,2
1491.993,2
1492.954,2
1493.895,2
1494.816,2
1495.737,2
1496.678,2
1497.719,2
1498.74,2
1500.001,2
1501.242,2
1502.323,2
1503.645,2
1504.766,2
1505.747,2
1506.708,2
1507.568,2
1508.369,2
1509.15,2
1510.131,2
1511.212,2
1512.113,2
1513.014,2
1514.015,2
1515.036,2
1516.017,2
1516.897,2
1517.878,2
1518.859,2
1519.68,2
1520.601,2
1521.442,2
1522.223,2
1523.043,2
1523.884,2
1524.985,2
1525.966,2
1526.807,2
1527.648,2
1528.629,2
1529.69,2
1530.491,2
1531.312,2
1532.313,2
1533.313,2
1534.154,2
1534.915,2
1535.676,2
1536.457,2
1537.237,2
1538.038,2
1539.039,2
1539.98,2
1540.881,2
1541.662,2
1542.583,2
1543.644,2
1544.444,2
1545.145,2
1545.846,2
1546.566,2
1547.287,2
1548.088,2
1548.809,2
1549.669,2
1550.57,2
1551.291,2
1552.092,2
1552.813,2
1553.493,2
1554.134,2
1554.774,2
1555.435,2
1556.316,2
1557.097,2
1557.757,2
1558.358,2
1559.019,2
1559.639,2
1560.42,2
1561.021,2
1561.661,2
1562.262,2
1562.902,2
1563.463,2
1564.043,2
1564.664,2
1565.285,2
1565.865,2
1566.466,2
1567.086,2
1567.707,2
1568.288,2
1568.968,2
1569.529,2
1570.129,2
1570.75,2
1571.371,2
1571.991,2
1572.652,2
1573.353,2
1574.013,2
1574.614,2
1575.254,2
1575.835,2
1576.416,2
1576.956,2
1577.637,2
1578.237,2
1578.838,2
1579.438,2
1580.079,2
1580.66,2
1581.26,2
1581.921,2
1582.582,2
1583.142,2
1583.743,2
1584.323,2
1584.984,2
1585.604,2
1586.365,2
1587.006,2
