Evacuation Rate, Time
0, 0
0, 1
0, 2
0, 3
0, 4
0, 5
0, 6
0, 7
0, 8
0, 9
0, 10
0, 11
0, 12
0, 13
0, 14
0, 15
0, 16
0, 17
0, 18
0, 19
0, 20
0, 21
0, 22
0, 23
0, 24
0, 25
0, 26
0, 27
0, 28
0, 29
0, 30
0, 31
0, 32
0, 33
0, 34
0, 35
0, 36
0, 37
0, 38
0, 39
0, 40
0, 41
0, 42
0, 43
0, 44
0, 45
0, 46
0, 47
0, 48
0, 49
0, 50
0, 51
0, 52
0, 53
0, 54
0, 55
0, 56
0, 57
0, 58
0, 59
0, 60
0, 61
0, 62
0, 63
0, 64
0, 65
0, 66
0, 67
0, 68
0, 69
0, 70
0, 71
0, 72
0, 73
0, 74
0, 75
0, 76
0, 77
0, 78
0, 79
0, 80
0, 81
0, 82
0, 83
0, 84
0, 85
0, 86
0, 87
0, 88
0, 89
0, 90
0, 91
0, 92
0, 93
0, 94
0, 95
0, 96
0, 97
0, 98
0, 99
0, 100
0, 101
0, 102
0, 103
0.01, 104
0.01, 105
0.01, 106
0.01, 107
0.01, 108
0.01, 109
0.01, 110
0.01, 111
0.01, 112
0.01, 113
0.01, 114
0.01, 115
0.01, 116
0.01, 117
0.01, 118
0.01, 119
0.01, 120
0.01, 121
0.01, 122
0.01, 123
0.01, 124
0.01, 125
0.01, 126
0.01, 127
0.01, 128
0.01, 129
0.01, 130
0.01, 131
0.01, 132
0.01, 133
0.01, 134
0.01, 135
0.01, 136
0.02, 137
0.02, 138
0.02, 139
0.02, 140
0.02, 141
0.02, 142
0.02, 143
0.02, 144
0.02, 145
0.02, 146
0.02, 147
0.02, 148
0.02, 149
0.02, 150
0.02, 151
0.02, 152
0.02, 153
0.02, 154
0.02, 155
0.02, 156
0.02, 157
0.02, 158
0.02, 159
0.02, 160
0.02, 161
0.02, 162
0.02, 163
0.02, 164
0.02, 165
0.02, 166
0.02, 167
0.02, 168
0.02, 169
0.02, 170
0.02, 171
0.02, 172
0.02, 173
0.02, 174
0.02, 175
0.02, 176
0.02, 177
0.02, 178
0.02, 179
0.02, 180
0.02, 181
0.02, 182
0.02, 183
0.03, 184
0.03, 185
0.03, 186
0.03, 187
0.03, 188
0.03, 189
0.03, 190
0.03, 191
0.03, 192
0.03, 193
0.03, 194
0.03, 195
0.03, 196
0.03, 197
0.03, 198
0.03, 199
0.03, 200
0.03, 201
0.03, 202
0.03, 203
0.03, 204
0.03, 205
0.03, 206
0.03, 207
0.03, 208
0.03, 209
0.03, 210
0.03, 211
0.03, 212
0.03, 213
0.03, 214
0.03, 215
0.03, 216
0.03, 217
0.03, 218
0.03, 219
0.03, 220
0.03, 221
0.03, 222
0.03, 223
0.03, 224
0.03, 225
0.03, 226
0.03, 227
0.03, 228
0.03, 229
0.04, 230
0.04, 231
0.04, 232
0.04, 233
0.04, 234
0.04, 235
0.05, 236
0.05, 237
0.05, 238
0.05, 239
0.05, 240
0.05, 241
0.05, 242
0.05, 243
0.05, 244
0.05, 245
0.05, 246
0.05, 247
0.05, 248
0.05, 249
0.05, 250
0.05, 251
0.05, 252
0.05, 253
0.05, 254
0.05, 255
0.05, 256
0.05, 257
0.05, 258
0.05, 259
0.05, 260
0.05, 261
0.06, 262
0.06, 263
0.06, 264
0.06, 265
0.06, 266
0.06, 267
0.06, 268
0.06, 269
0.06, 270
0.06, 271
0.06, 272
0.06, 273
0.06, 274
0.06, 275
0.06, 276
0.06, 277
0.06, 278
0.07, 279
0.07, 280
0.07, 281
0.07, 282
0.07, 283
0.07, 284
0.07, 285
0.07, 286
0.07, 287
0.07, 288
0.07, 289
0.07, 290
0.07, 291
0.08, 292
0.08, 293
0.08, 294
0.08, 295
0.08, 296
0.08, 297
0.08, 298
0.08, 299
0.08, 300
0.08, 301
0.08, 302
0.08, 303
0.08, 304
0.08, 305
0.08, 306
0.08, 307
0.08, 308
0.08, 309
0.08, 310
0.08, 311
0.09, 312
0.09, 313
0.09, 314
0.1, 315
0.1, 316
0.1, 317
0.1, 318
0.1, 319
0.1, 320
0.1, 321
0.1, 322
0.1, 323
0.1, 324
0.1, 325
0.1, 326
0.1, 327
0.1, 328
0.1, 329
0.1, 330
0.1, 331
0.1, 332
0.1, 333
0.1, 334
0.1, 335
0.1, 336
0.1, 337
0.1, 338
0.1, 339
0.1, 340
0.1, 341
0.1, 342
0.1, 343
0.1, 344
0.1, 345
0.1, 346
0.1, 347
0.1, 348
0.1, 349
0.1, 350
0.11, 351
0.11, 352
0.11, 353
0.11, 354
0.11, 355
0.11, 356
0.11, 357
0.11, 358
0.11, 359
0.11, 360
0.12, 361
0.12, 362
0.12, 363
0.12, 364
0.12, 365
0.12, 366
0.13, 367
0.13, 368
0.13, 369
0.13, 370
0.13, 371
0.13, 372
0.13, 373
0.13, 374
0.13, 375
0.13, 376
0.13, 377
0.13, 378
0.13, 379
0.15, 380
0.15, 381
0.15, 382
0.15, 383
0.15, 384
0.15, 385
0.15, 386
0.15, 387
0.15, 388
0.15, 389
0.15, 390
0.15, 391
0.15, 392
0.15, 393
0.15, 394
0.15, 395
0.15, 396
0.15, 397
0.15, 398
0.15, 399
0.15, 400
0.15, 401
0.16, 402
0.16, 403
0.17, 404
0.17, 405
0.17, 406
0.17, 407
0.17, 408
0.17, 409
0.17, 410
0.17, 411
0.17, 412
0.17, 413
0.17, 414
0.17, 415
0.17, 416
0.17, 417
0.18, 418
0.18, 419
0.18, 420
0.18, 421
0.18, 422
0.19, 423
0.19, 424
0.19, 425
0.19, 426
0.19, 427
0.19, 428
0.19, 429
0.2, 430
0.2, 431
0.2, 432
0.2, 433
0.2, 434
0.2, 435
0.2, 436
0.2, 437
0.2, 438
0.2, 439
0.2, 440
0.2, 441
0.2, 442
0.2, 443
0.2, 444
0.2, 445
0.21, 446
0.21, 447
0.21, 448
0.21, 449
0.21, 450
0.21, 451
0.21, 452
0.21, 453
0.21, 454
0.21, 455
0.22, 456
0.22, 457
0.22, 458
0.22, 459
0.22, 460
0.22, 461
0.22, 462
0.22, 463
0.22, 464
0.22, 465
0.23, 466
0.23, 467
0.24, 468
0.24, 469
0.24, 470
0.24, 471
0.24, 472
0.24, 473
0.24, 474
0.24, 475
0.24, 476
0.24, 477
0.24, 478
0.24, 479
0.24, 480
0.24, 481
0.24, 482
0.25, 483
0.25, 484
0.25, 485
0.26, 486
0.26, 487
0.26, 488
0.26, 489
0.26, 490
0.26, 491
0.26, 492
0.26, 493
0.26, 494
0.26, 495
0.26, 496
0.26, 497
0.26, 498
0.26, 499
0.26, 500
0.27, 501
0.27, 502
0.27, 503
0.27, 504
0.27, 505
0.27, 506
0.28, 507
0.28, 508
0.28, 509
0.28, 510
0.28, 511
0.28, 512
0.28, 513
0.28, 514
0.28, 515
0.28, 516
0.28, 517
0.28, 518
0.28, 519
0.29, 520
0.29, 521
0.29, 522
0.29, 523
0.29, 524
0.29, 525
0.29, 526
0.29, 527
0.29, 528
0.29, 529
0.29, 530
0.3, 531
0.3, 532
0.3, 533
0.3, 534
0.3, 535
0.3, 536
0.31, 537
0.31, 538
0.31, 539
0.31, 540
0.31, 541
0.31, 542
0.31, 543
0.32, 544
0.32, 545
0.32, 546
0.32, 547
0.32, 548
0.32, 549
0.32, 550
0.32, 551
0.32, 552
0.32, 553
0.32, 554
0.33, 555
0.33, 556
0.33, 557
0.33, 558
0.33, 559
0.33, 560
0.33, 561
0.33, 562
0.33, 563
0.34, 564
0.34, 565
0.34, 566
0.34, 567
0.34, 568
0.34, 569
0.34, 570
0.34, 571
0.34, 572
0.34, 573
0.34, 574
0.34, 575
0.34, 576
0.34, 577
0.34, 578
0.34, 579
0.34, 580
0.35, 581
0.35, 582
0.35, 583
0.35, 584
0.35, 585
0.36, 586
0.36, 587
0.36, 588
0.36, 589
0.36, 590
0.36, 591
0.36, 592
0.36, 593
0.36, 594
0.36, 595
0.36, 596
0.36, 597
0.36, 598
0.36, 599
0.36, 600
0.36, 601
0.36, 602
0.36, 603
0.36, 604
0.36, 605
0.37, 606
0.37, 607
0.37, 608
0.37, 609
0.39, 610
0.39, 611
0.39, 612
0.39, 613
0.39, 614
0.39, 615
0.39, 616
0.39, 617
0.39, 618
0.39, 619
0.39, 620
0.39, 621
0.39, 622
0.39, 623
0.39, 624
0.39, 625
0.39, 626
0.39, 627
0.39, 628
0.39, 629
0.39, 630
0.39, 631
0.39, 632
0.4, 633
0.4, 634
0.4, 635
0.4, 636
0.4, 637
0.4, 638
0.4, 639
0.4, 640
0.4, 641
0.41, 642
0.41, 643
0.41, 644
0.41, 645
0.41, 646
0.41, 647
0.41, 648
0.41, 649
0.41, 650
0.41, 651
0.41, 652
0.41, 653
0.41, 654
0.41, 655
0.41, 656
0.42, 657
0.42, 658
0.42, 659
0.42, 660
0.42, 661
0.42, 662
0.43, 663
0.43, 664
0.43, 665
0.43, 666
0.43, 667
0.43, 668
0.43, 669
0.44, 670
0.44, 671
0.44, 672
0.44, 673
0.44, 674
0.44, 675
0.44, 676
0.44, 677
0.44, 678
0.44, 679
0.44, 680
0.45, 681
0.45, 682
0.45, 683
0.45, 684
0.45, 685
0.45, 686
0.45, 687
0.45, 688
0.45, 689
0.45, 690
0.45, 691
0.45, 692
0.45, 693
0.45, 694
0.45, 695
0.46, 696
0.46, 697
0.46, 698
0.46, 699
0.46, 700
0.46, 701
0.46, 702
0.46, 703
0.46, 704
0.46, 705
0.46, 706
0.46, 707
0.47, 708
0.47, 709
0.47, 710
0.47, 711
0.47, 712
0.47, 713
0.47, 714
0.48, 715
0.48, 716
0.48, 717
0.48, 718
0.49, 719
0.49, 720
0.49, 721
0.49, 722
0.49, 723
0.49, 724
0.49, 725
0.49, 726
0.49, 727
0.49, 728
0.49, 729
0.49, 730
0.49, 731
0.49, 732
0.49, 733
0.49, 734
0.49, 735
0.49, 736
0.49, 737
0.49, 738
0.5, 739
0.5, 740
0.5, 741
0.5, 742
0.5, 743
0.5, 744
0.5, 745
0.5, 746
0.5, 747
0.5, 748
0.5, 749
0.5, 750
0.5, 751
0.5, 752
0.5, 753
0.5, 754
0.5, 755
0.5, 756
0.5, 757
0.5, 758
0.5, 759
0.5, 760
0.5, 761
0.5, 762
0.5, 763
0.51, 764
0.51, 765
0.51, 766
0.51, 767
0.51, 768
0.51, 769
0.51, 770
0.51, 771
0.51, 772
0.51, 773
0.52, 774
0.52, 775
0.52, 776
0.52, 777
0.52, 778
0.52, 779
0.52, 780
0.52, 781
0.52, 782
0.52, 783
0.52, 784
0.52, 785
0.52, 786
0.52, 787
0.52, 788
0.52, 789
0.52, 790
0.52, 791
0.52, 792
0.52, 793
0.52, 794
0.52, 795
0.52, 796
0.52, 797
0.52, 798
0.52, 799
0.53, 800
0.53, 801
0.53, 802
0.53, 803
0.53, 804
0.53, 805
0.53, 806
0.53, 807
0.54, 808
0.54, 809
0.54, 810
0.54, 811
0.54, 812
0.54, 813
0.54, 814
0.54, 815
0.54, 816
0.54, 817
0.54, 818
0.54, 819
0.54, 820
0.54, 821
0.54, 822
0.54, 823
0.54, 824
0.54, 825
0.54, 826
0.54, 827
0.55, 828
0.55, 829
0.55, 830
0.55, 831
0.55, 832
0.55, 833
0.55, 834
0.55, 835
0.55, 836
0.55, 837
0.55, 838
0.55, 839
0.55, 840
0.55, 841
0.55, 842
0.55, 843
0.55, 844
0.55, 845
0.55, 846
0.55, 847
0.55, 848
0.55, 849
0.55, 850
0.55, 851
0.55, 852
0.55, 853
0.55, 854
0.55, 855
0.56, 856
0.56, 857
0.56, 858
0.56, 859
0.56, 860
0.56, 861
0.56, 862
0.56, 863
0.56, 864
0.56, 865
0.56, 866
0.56, 867
0.56, 868
0.56, 869
0.56, 870
0.56, 871
0.56, 872
0.56, 873
0.56, 874
0.56, 875
0.57, 876
0.57, 877
0.57, 878
0.57, 879
0.57, 880
0.57, 881
0.57, 882
0.57, 883
0.57, 884
0.57, 885
0.57, 886
0.57, 887
0.57, 888
0.57, 889
0.57, 890
0.57, 891
0.57, 892
0.57, 893
0.57, 894
0.57, 895
0.57, 896
0.57, 897
0.57, 898
0.58, 899
0.58, 900
0.58, 901
0.58, 902
0.58, 903
0.58, 904
0.58, 905
0.58, 906
0.58, 907
0.58, 908
0.58, 909
0.58, 910
0.58, 911
0.58, 912
0.58, 913
0.58, 914
0.58, 915
0.58, 916
0.58, 917
0.58, 918
0.58, 919
0.58, 920
0.58, 921
0.58, 922
0.58, 923
0.58, 924
0.58, 925
0.58, 926
0.58, 927
0.58, 928
0.58, 929
0.58, 930
0.58, 931
0.58, 932
0.58, 933
0.58, 934
0.58, 935
0.58, 936
0.58, 937
0.58, 938
0.58, 939
0.58, 940
0.58, 941
0.58, 942
0.58, 943
0.58, 944
0.58, 945
0.58, 946
0.58, 947
0.59, 948
0.59, 949
0.59, 950
0.59, 951
0.59, 952
0.59, 953
0.59, 954
0.59, 955
0.59, 956
0.59, 957
0.59, 958
0.59, 959
0.59, 960
0.59, 961
0.59, 962
0.59, 963
0.59, 964
0.59, 965
0.59, 966
0.59, 967
0.59, 968
0.59, 969
0.59, 970
0.59, 971
0.59, 972
0.59, 973
0.59, 974
0.59, 975
0.6, 976
0.6, 977
0.6, 978
0.6, 979
0.6, 980
0.6, 981
0.6, 982
0.6, 983
0.6, 984
0.6, 985
0.6, 986
0.6, 987
0.6, 988
0.6, 989
0.6, 990
0.6, 991
0.6, 992
0.6, 993
0.6, 994
0.6, 995
0.6, 996
0.6, 997
0.6, 998
0.6, 999
0.6, 1000
0.6, 1001
0.6, 1002
0.6, 1003
0.6, 1004
0.6, 1005
0.6, 1006
0.6, 1007
0.6, 1008
0.6, 1009
0.6, 1010
0.6, 1011
0.6, 1012
0.6, 1013
0.6, 1014
0.6, 1015
0.6, 1016
0.6, 1017
0.6, 1018
0.6, 1019
0.6, 1020
0.6, 1021
0.6, 1022
0.6, 1023
0.6, 1024
0.6, 1025
0.6, 1026
0.6, 1027
0.6, 1028
0.6, 1029
0.6, 1030
0.6, 1031
0.6, 1032
0.6, 1033
0.6, 1034
0.6, 1035
0.6, 1036
0.6, 1037
0.6, 1038
0.6, 1039
0.6, 1040
0.6, 1041
0.6, 1042
0.6, 1043
0.6, 1044
0.6, 1045
0.6, 1046
0.6, 1047
0.6, 1048
0.6, 1049
0.6, 1050
0.6, 1051
0.6, 1052
0.6, 1053
0.6, 1054
0.6, 1055
0.6, 1056
0.6, 1057
0.6, 1058
0.6, 1059
0.6, 1060
0.6, 1061
0.6, 1062
0.6, 1063
0.6, 1064
0.6, 1065
0.6, 1066
0.6, 1067
0.6, 1068
0.6, 1069
0.6, 1070
0.6, 1071
0.6, 1072
0.6, 1073
0.6, 1074
0.6, 1075
0.6, 1076
0.6, 1077
0.6, 1078
0.6, 1079
0.6, 1080
0.6, 1081
0.6, 1082
0.6, 1083
0.6, 1084
0.6, 1085
0.6, 1086
0.6, 1087
0.6, 1088
0.6, 1089
0.6, 1090
0.6, 1091
0.6, 1092
0.6, 1093
0.6, 1094
0.6, 1095
0.6, 1096
0.6, 1097
0.6, 1098
0.6, 1099
0.6, 1100
0.6, 1101
0.6, 1102
0.6, 1103
0.6, 1104
0.6, 1105
0.6, 1106
0.6, 1107
0.6, 1108
0.6, 1109
0.6, 1110
0.6, 1111
0.6, 1112
0.6, 1113
0.6, 1114
0.6, 1115
0.6, 1116
0.6, 1117
0.6, 1118
0.6, 1119
0.6, 1120
0.6, 1121
0.6, 1122
0.6, 1123
0.6, 1124
0.6, 1125
0.6, 1126
0.6, 1127
0.6, 1128
0.6, 1129
0.6, 1130
0.6, 1131
0.6, 1132
0.6, 1133
0.6, 1134
0.6, 1135
0.6, 1136
0.6, 1137
0.6, 1138
0.6, 1139
0.6, 1140
0.6, 1141
0.6, 1142
0.6, 1143
0.6, 1144
0.6, 1145
0.6, 1146
0.6, 1147
0.6, 1148
0.6, 1149
0.6, 1150
0.6, 1151
0.6, 1152
0.6, 1153
0.6, 1154
0.6, 1155
0.6, 1156
0.6, 1157
0.6, 1158
0.6, 1159
0.6, 1160
0.6, 1161
0.6, 1162
0.6, 1163
0.6, 1164
0.6, 1165
0.6, 1166
0.6, 1167
0.6, 1168
0.6, 1169
0.6, 1170
0.6, 1171
0.6, 1172
0.6, 1173
0.6, 1174
0.6, 1175
0.6, 1176
0.6, 1177
0.6, 1178
0.6, 1179
0.6, 1180
0.6, 1181
0.6, 1182
0.6, 1183
0.6, 1184
0.6, 1185
0.6, 1186
0.6, 1187
0.6, 1188
0.6, 1189
0.6, 1190
0.6, 1191
0.6, 1192
0.6, 1193
0.6, 1194
0.6, 1195
0.6, 1196
0.6, 1197
0.6, 1198
0.6, 1199
0.6, 1200
0.6, 1201
0.6, 1202
0.6, 1203
0.6, 1204
0.6, 1205
0.6, 1206
0.6, 1207
0.6, 1208
0.6, 1209
0.6, 1210
0.6, 1211
0.6, 1212
0.6, 1213
0.6, 1214
0.6, 1215
0.6, 1216
0.6, 1217
0.6, 1218
0.6, 1219
0.6, 1220
0.6, 1221
0.6, 1222
0.6, 1223
0.6, 1224
0.6, 1225
0.6, 1226
0.6, 1227
0.6, 1228
0.6, 1229
0.6, 1230
0.6, 1231
0.6, 1232
0.6, 1233
0.6, 1234
0.6, 1235
0.6, 1236
0.6, 1237
0.6, 1238
0.6, 1239
0.6, 1240
0.6, 1241
0.6, 1242
0.6, 1243
0.6, 1244
0.6, 1245
0.6, 1246
0.6, 1247
0.6, 1248
0.6, 1249
0.6, 1250
0.6, 1251
0.6, 1252
0.6, 1253
0.6, 1254
0.6, 1255
0.6, 1256
0.6, 1257
0.6, 1258
0.6, 1259
0.6, 1260
0.6, 1261
0.6, 1262
0.6, 1263
0.6, 1264
0.6, 1265
0.6, 1266
0.6, 1267
0.6, 1268
0.6, 1269
0.6, 1270
0.6, 1271
0.6, 1272
0.6, 1273
0.6, 1274
0.6, 1275
0.6, 1276
0.6, 1277
0.6, 1278
0.6, 1279
0.6, 1280
0.6, 1281
0.6, 1282
0.6, 1283
0.6, 1284
0.6, 1285
0.6, 1286
0.6, 1287
0.6, 1288
0.6, 1289
0.6, 1290
0.6, 1291
0.6, 1292
0.6, 1293
0.6, 1294
0.6, 1295
0.6, 1296
0.6, 1297
0.6, 1298
0.6, 1299
0.6, 1300
0.6, 1301
0.6, 1302
0.6, 1303
0.6, 1304
0.6, 1305
0.6, 1306
0.6, 1307
0.6, 1308
0.6, 1309
0.6, 1310
0.6, 1311
0.6, 1312
0.6, 1313
0.6, 1314
0.6, 1315
0.6, 1316
0.6, 1317
0.6, 1318
0.6, 1319
0.6, 1320
0.6, 1321
0.6, 1322
0.6, 1323
0.6, 1324
0.6, 1325
0.6, 1326
0.6, 1327
0.6, 1328
0.6, 1329
0.6, 1330
0.6, 1331
0.6, 1332
0.6, 1333
0.6, 1334
0.6, 1335
0.6, 1336
0.6, 1337
0.6, 1338
0.6, 1339
0.6, 1340
0.6, 1341
0.6, 1342
0.6, 1343
0.6, 1344
0.6, 1345
0.6, 1346
0.6, 1347
0.6, 1348
0.6, 1349
0.6, 1350
0.6, 1351
0.6, 1352
0.6, 1353
0.6, 1354
0.6, 1355
0.6, 1356
0.6, 1357
0.6, 1358
0.6, 1359
0.6, 1360
0.6, 1361
0.6, 1362
0.6, 1363
0.6, 1364
0.6, 1365
0.6, 1366
0.6, 1367
0.6, 1368
0.6, 1369
0.6, 1370
0.6, 1371
0.6, 1372
0.6, 1373
0.6, 1374
0.6, 1375
0.6, 1376
0.6, 1377
0.6, 1378
0.6, 1379
0.6, 1380
0.6, 1381
0.6, 1382
0.6, 1383
0.6, 1384
0.6, 1385
0.6, 1386
0.6, 1387
0.6, 1388
0.6, 1389
0.6, 1390
0.6, 1391
0.6, 1392
0.6, 1393
0.6, 1394
0.6, 1395
0.6, 1396
0.6, 1397
0.6, 1398
0.6, 1399
0.6, 1400
0.6, 1401
0.6, 1402
0.6, 1403
0.6, 1404
0.6, 1405
0.6, 1406
0.6, 1407
0.6, 1408
0.6, 1409
0.6, 1410
0.6, 1411
0.6, 1412
0.6, 1413
0.6, 1414
0.6, 1415
0.6, 1416
0.6, 1417
0.6, 1418
0.6, 1419
0.6, 1420
0.6, 1421
0.6, 1422
0.6, 1423
0.6, 1424
0.6, 1425
0.6, 1426
0.6, 1427
0.6, 1428
0.6, 1429
0.6, 1430
0.6, 1431
0.6, 1432
0.6, 1433
0.6, 1434
0.6, 1435
0.6, 1436
0.6, 1437
0.6, 1438
0.6, 1439
0.6, 1440
0.6, 1441
0.6, 1442
0.6, 1443
0.6, 1444
0.6, 1445
0.6, 1446
0.6, 1447
0.6, 1448
0.6, 1449
0.6, 1450
0.6, 1451
0.6, 1452
0.6, 1453
0.6, 1454
0.6, 1455
0.6, 1456
0.6, 1457
0.6, 1458
0.6, 1459
0.6, 1460
0.6, 1461
0.6, 1462
0.6, 1463
0.6, 1464
0.6, 1465
0.6, 1466
0.6, 1467
0.6, 1468
0.6, 1469
0.6, 1470
0.6, 1471
0.6, 1472
0.6, 1473
0.6, 1474
0.6, 1475
0.6, 1476
0.6, 1477
0.6, 1478
0.6, 1479
0.6, 1480
0.6, 1481
0.6, 1482
0.6, 1483
0.6, 1484
0.6, 1485
0.6, 1486
0.6, 1487
0.6, 1488
0.6, 1489
0.6, 1490
0.6, 1491
0.6, 1492
0.6, 1493
0.6, 1494
0.6, 1495
0.6, 1496
0.6, 1497
0.6, 1498
0.6, 1499
0.6, 1500
0.6, 1501
0.6, 1502
0.6, 1503
0.6, 1504
0.6, 1505
0.6, 1506
0.6, 1507
0.6, 1508
0.6, 1509
0.6, 1510
0.6, 1511
0.6, 1512
0.6, 1513
0.6, 1514
0.6, 1515
0.6, 1516
0.6, 1517
0.6, 1518
0.6, 1519
0.6, 1520
0.6, 1521
0.6, 1522
0.6, 1523
0.6, 1524
0.6, 1525
0.6, 1526
0.6, 1527
0.6, 1528
0.6, 1529
0.6, 1530
0.6, 1531
0.6, 1532
0.6, 1533
0.6, 1534
0.6, 1535
0.6, 1536
0.6, 1537
0.6, 1538
0.6, 1539
0.6, 1540
0.6, 1541
0.6, 1542
0.6, 1543
0.6, 1544
0.6, 1545
0.6, 1546
0.6, 1547
0.6, 1548
0.6, 1549
0.6, 1550
0.6, 1551
0.6, 1552
0.6, 1553
0.6, 1554
0.6, 1555
0.6, 1556
0.6, 1557
0.6, 1558
0.6, 1559
0.6, 1560
0.6, 1561
0.6, 1562
0.6, 1563
0.6, 1564
0.6, 1565
0.6, 1566
0.6, 1567
0.6, 1568
0.6, 1569
0.6, 1570
0.6, 1571
0.6, 1572
0.6, 1573
0.6, 1574
0.6, 1575
0.6, 1576
0.6, 1577
0.6, 1578
0.6, 1579
0.6, 1580
0.6, 1581
0.6, 1582
0.6, 1583
0.6, 1584
0.6, 1585
0.6, 1586
0.6, 1587
0.6, 1588
0.6, 1589
0.6, 1590
0.6, 1591
0.6, 1592
0.6, 1593
0.6, 1594
0.6, 1595
0.6, 1596
0.6, 1597
0.6, 1598
0.6, 1599
0.6, 1600
0.6, 1601
0.6, 1602
0.6, 1603
0.6, 1604
0.6, 1605
0.6, 1606
0.6, 1607
0.6, 1608
0.6, 1609
0.6, 1610
0.6, 1611
0.6, 1612
0.6, 1613
0.6, 1614
0.6, 1615
0.6, 1616
0.6, 1617
0.6, 1618
0.6, 1619
0.6, 1620
0.6, 1621
0.6, 1622
0.6, 1623
0.6, 1624
0.6, 1625
0.6, 1626
0.6, 1627
0.6, 1628
0.6, 1629
0.6, 1630
0.6, 1631
0.6, 1632
0.6, 1633
0.6, 1634
0.6, 1635
0.6, 1636
0.6, 1637
0.6, 1638
0.6, 1639
0.6, 1640
0.6, 1641
0.6, 1642
0.6, 1643
0.6, 1644
0.6, 1645
0.6, 1646
0.6, 1647
0.6, 1648
0.6, 1649
0.6, 1650
0.6, 1651
0.6, 1652
0.6, 1653
0.6, 1654
0.6, 1655
0.6, 1656
0.6, 1657
0.6, 1658
0.6, 1659
0.6, 1660
0.6, 1661
0.6, 1662
0.6, 1663
0.6, 1664
0.6, 1665
0.6, 1666
0.6, 1667
0.6, 1668
0.6, 1669
0.6, 1670
0.6, 1671
0.6, 1672
0.6, 1673
0.6, 1674
0.6, 1675
0.6, 1676
0.6, 1677
0.6, 1678
0.6, 1679
0.6, 1680
0.6, 1681
0.6, 1682
0.6, 1683
0.6, 1684
0.6, 1685
0.6, 1686
0.6, 1687
0.6, 1688
0.6, 1689
0.6, 1690
0.6, 1691
0.6, 1692
0.6, 1693
0.6, 1694
0.6, 1695
0.6, 1696
0.6, 1697
0.6, 1698
0.6, 1699
0.6, 1700
0.6, 1701
0.6, 1702
0.6, 1703
0.6, 1704
0.6, 1705
0.6, 1706
0.6, 1707
0.6, 1708
0.6, 1709
0.6, 1710
0.6, 1711
0.6, 1712
0.6, 1713
0.6, 1714
0.6, 1715
0.6, 1716
0.6, 1717
0.6, 1718
0.6, 1719
0.6, 1720
0.6, 1721
0.6, 1722
0.6, 1723
0.6, 1724
0.6, 1725
0.6, 1726
0.6, 1727
0.6, 1728
0.6, 1729
0.6, 1730
0.6, 1731
0.6, 1732
0.6, 1733
0.6, 1734
0.6, 1735
0.6, 1736
0.6, 1737
0.6, 1738
0.6, 1739
0.6, 1740
0.6, 1741
0.6, 1742
0.6, 1743
0.6, 1744
0.6, 1745
0.6, 1746
0.6, 1747
0.6, 1748
0.6, 1749
0.6, 1750
0.6, 1751
0.6, 1752
0.6, 1753
0.6, 1754
0.6, 1755
0.6, 1756
0.6, 1757
0.6, 1758
0.6, 1759
0.6, 1760
0.6, 1761
0.6, 1762
0.6, 1763
0.6, 1764
0.6, 1765
0.6, 1766
0.6, 1767
0.6, 1768
0.6, 1769
0.6, 1770
0.6, 1771
0.6, 1772
0.6, 1773
0.6, 1774
0.6, 1775
0.6, 1776
0.6, 1777
0.6, 1778
0.6, 1779
0.6, 1780
0.6, 1781
0.6, 1782
0.6, 1783
0.6, 1784
0.6, 1785
0.6, 1786
0.6, 1787
0.6, 1788
0.6, 1789
0.6, 1790
0.6, 1791
0.6, 1792
0.6, 1793
0.6, 1794
0.6, 1795
0.6, 1796
0.6, 1797
0.6, 1798
0.6, 1799
0.6, 1800
0.6, 1801
0.6, 1802
0.6, 1803
0.6, 1804
0.6, 1805
0.6, 1806
0.6, 1807
0.6, 1808
0.6, 1809
0.6, 1810
0.6, 1811
0.6, 1812
0.6, 1813
0.6, 1814
0.6, 1815
0.6, 1816
0.6, 1817
0.6, 1818
0.6, 1819
0.6, 1820
0.6, 1821
0.6, 1822
0.6, 1823
0.6, 1824
0.6, 1825
0.6, 1826
0.6, 1827
0.6, 1828
0.6, 1829
0.6, 1830
0.6, 1831
0.6, 1832
0.6, 1833
0.6, 1834
0.6, 1835
0.6, 1836
0.6, 1837
0.6, 1838
0.6, 1839
0.6, 1840
0.6, 1841
0.6, 1842
0.6, 1843
0.6, 1844
0.6, 1845
0.6, 1846
0.6, 1847
0.6, 1848
0.6, 1849
0.6, 1850
0.6, 1851
0.6, 1852
0.6, 1853
0.6, 1854
0.6, 1855
0.6, 1856
0.6, 1857
0.6, 1858
0.6, 1859
0.6, 1860
0.6, 1861
0.6, 1862
0.6, 1863
0.6, 1864
0.6, 1865
0.6, 1866
0.6, 1867
0.6, 1868
0.6, 1869
0.6, 1870
0.6, 1871
0.6, 1872
0.6, 1873
0.6, 1874
0.6, 1875
0.6, 1876
0.6, 1877
0.6, 1878
0.6, 1879
0.6, 1880
0.6, 1881
0.6, 1882
0.6, 1883
0.6, 1884
0.6, 1885
0.6, 1886
0.6, 1887
0.6, 1888
0.6, 1889
0.6, 1890
0.6, 1891
0.6, 1892
0.6, 1893
0.6, 1894
0.6, 1895
0.6, 1896
0.6, 1897
0.6, 1898
0.6, 1899
0.6, 1900
0.6, 1901
0.6, 1902
0.6, 1903
0.6, 1904
0.6, 1905
0.6, 1906
0.6, 1907
0.6, 1908
0.6, 1909
0.6, 1910
0.6, 1911
0.6, 1912
0.6, 1913
0.6, 1914
0.6, 1915
0.6, 1916
0.6, 1917
0.6, 1918
0.6, 1919
0.6, 1920
0.6, 1921
0.6, 1922
0.6, 1923
0.6, 1924
0.6, 1925
0.6, 1926
0.6, 1927
0.6, 1928
0.6, 1929
0.6, 1930
0.6, 1931
0.6, 1932
0.6, 1933
0.6, 1934
0.6, 1935
0.6, 1936
0.6, 1937
0.6, 1938
0.6, 1939
0.6, 1940
0.6, 1941
0.6, 1942
0.6, 1943
0.6, 1944
0.6, 1945
0.6, 1946
0.6, 1947
0.6, 1948
0.6, 1949
0.6, 1950
0.6, 1951
0.6, 1952
0.6, 1953
0.6, 1954
0.6, 1955
0.6, 1956
0.6, 1957
0.6, 1958
0.6, 1959
0.6, 1960
0.6, 1961
0.6, 1962
0.6, 1963
0.6, 1964
0.6, 1965
0.6, 1966
0.6, 1967
0.6, 1968
0.6, 1969
0.6, 1970
0.6, 1971
0.6, 1972
0.6, 1973
0.6, 1974
0.6, 1975
0.6, 1976
0.6, 1977
0.6, 1978
0.6, 1979
0.6, 1980
0.6, 1981
0.6, 1982
0.6, 1983
0.6, 1984
0.6, 1985
0.6, 1986
0.6, 1987
0.6, 1988
0.6, 1989
0.6, 1990
0.6, 1991
0.6, 1992
0.6, 1993
0.6, 1994
0.6, 1995
0.6, 1996
0.6, 1997
0.6, 1998
0.6, 1999
0.6, 2000
0.6, 2001
0.6, 2002
0.6, 2003
0.6, 2004
0.6, 2005
0.6, 2006
0.6, 2007
0.6, 2008
0.6, 2009
0.6, 2010
0.6, 2011
0.6, 2012
0.6, 2013
0.6, 2014
0.6, 2015
0.6, 2016
0.6, 2017
0.6, 2018
0.6, 2019
0.6, 2020
0.6, 2021
0.6, 2022
0.6, 2023
0.6, 2024
0.6, 2025
0.6, 2026
0.6, 2027
0.6, 2028
0.6, 2029
0.6, 2030
0.6, 2031
0.6, 2032
0.6, 2033
0.6, 2034
0.6, 2035
0.6, 2036
0.6, 2037
0.6, 2038
0.6, 2039
0.6, 2040
0.6, 2041
0.6, 2042
0.6, 2043
0.6, 2044
0.6, 2045
0.6, 2046
0.6, 2047
0.6, 2048
0.6, 2049
0.6, 2050
0.6, 2051
0.6, 2052
0.6, 2053
0.6, 2054
0.6, 2055
0.6, 2056
0.6, 2057
0.6, 2058
0.6, 2059
0.6, 2060
0.6, 2061
0.6, 2062
0.6, 2063
0.6, 2064
0.6, 2065
0.6, 2066
0.6, 2067
0.6, 2068
0.6, 2069
0.6, 2070
0.6, 2071
0.6, 2072
0.6, 2073
0.6, 2074
0.6, 2075
0.6, 2076
0.6, 2077
0.6, 2078
0.6, 2079
0.6, 2080
0.6, 2081
0.6, 2082
0.6, 2083
0.6, 2084
0.6, 2085
0.6, 2086
0.6, 2087
0.6, 2088
0.6, 2089
0.6, 2090
0.6, 2091
0.6, 2092
0.6, 2093
0.6, 2094
0.6, 2095
0.6, 2096
0.6, 2097
0.6, 2098
0.6, 2099
0.6, 2100
0.6, 2101
0.6, 2102
0.6, 2103
0.6, 2104
0.6, 2105
0.6, 2106
0.6, 2107
0.6, 2108
0.6, 2109
0.6, 2110
0.6, 2111
0.6, 2112
0.6, 2113
0.6, 2114
0.6, 2115
0.6, 2116
0.6, 2117
0.6, 2118
0.6, 2119
0.6, 2120
0.6, 2121
0.6, 2122
0.6, 2123
0.6, 2124
0.6, 2125
0.6, 2126
0.6, 2127
0.6, 2128
0.6, 2129
0.6, 2130
0.6, 2131
0.6, 2132
0.6, 2133
0.6, 2134
0.6, 2135
0.6, 2136
0.6, 2137
0.6, 2138
0.6, 2139
0.6, 2140
0.6, 2141
0.6, 2142
0.6, 2143
0.6, 2144
0.6, 2145
0.6, 2146
0.6, 2147
0.6, 2148
0.6, 2149
0.6, 2150
0.6, 2151
0.6, 2152
0.6, 2153
0.6, 2154
0.6, 2155
0.6, 2156
0.6, 2157
0.6, 2158
0.6, 2159
0.6, 2160
0.6, 2161
0.6, 2162
0.6, 2163
0.6, 2164
0.6, 2165
0.6, 2166
0.6, 2167
0.6, 2168
0.6, 2169
0.6, 2170
0.6, 2171
0.6, 2172
0.6, 2173
0.6, 2174
0.6, 2175
0.6, 2176
0.6, 2177
0.6, 2178
0.6, 2179
0.6, 2180
0.6, 2181
0.6, 2182
0.6, 2183
0.6, 2184
0.6, 2185
0.6, 2186
0.6, 2187
0.6, 2188
0.6, 2189
0.6, 2190
0.6, 2191
0.6, 2192
0.6, 2193
0.6, 2194
0.6, 2195
0.6, 2196
0.6, 2197
0.6, 2198
0.6, 2199
0.6, 2200
0.6, 2201
0.6, 2202
0.6, 2203
0.6, 2204
0.6, 2205
0.6, 2206
0.6, 2207
0.6, 2208
0.6, 2209
0.6, 2210
0.6, 2211
0.6, 2212
0.6, 2213
0.6, 2214
0.6, 2215
0.6, 2216
0.6, 2217
0.6, 2218
0.6, 2219
0.6, 2220
0.6, 2221
0.6, 2222
0.6, 2223
0.6, 2224
0.6, 2225
0.6, 2226
0.6, 2227
0.6, 2228
0.6, 2229
0.6, 2230
0.6, 2231
0.6, 2232
0.6, 2233
0.6, 2234
0.6, 2235
0.6, 2236
0.6, 2237
0.6, 2238
0.6, 2239
0.6, 2240
0.6, 2241
0.6, 2242
0.6, 2243
0.6, 2244
0.6, 2245
0.6, 2246
0.6, 2247
0.6, 2248
0.6, 2249
0.6, 2250
0.6, 2251
0.6, 2252
0.6, 2253
0.6, 2254
0.6, 2255
0.6, 2256
0.6, 2257
0.6, 2258
0.6, 2259
0.6, 2260
0.6, 2261
0.6, 2262
0.6, 2263
0.6, 2264
0.6, 2265
0.6, 2266
0.6, 2267
0.6, 2268
0.6, 2269
0.6, 2270
0.6, 2271
0.6, 2272
0.6, 2273
0.6, 2274
0.6, 2275
0.6, 2276
0.6, 2277
0.6, 2278
0.6, 2279
0.6, 2280
0.6, 2281
0.6, 2282
0.6, 2283
0.6, 2284
0.6, 2285
0.6, 2286
0.6, 2287
0.6, 2288
0.6, 2289
0.6, 2290
0.6, 2291
0.6, 2292
0.6, 2293
0.6, 2294
0.6, 2295
0.6, 2296
0.6, 2297
0.6, 2298
0.6, 2299
0.6, 2300
0.6, 2301
0.6, 2302
0.6, 2303
0.6, 2304
0.6, 2305
0.6, 2306
0.6, 2307
0.6, 2308
0.6, 2309
0.6, 2310
0.6, 2311
0.6, 2312
0.6, 2313
0.6, 2314
0.6, 2315
0.6, 2316
0.6, 2317
0.6, 2318
0.6, 2319
0.6, 2320
0.6, 2321
0.6, 2322
0.6, 2323
0.6, 2324
0.6, 2325
0.6, 2326
0.6, 2327
0.6, 2328
0.6, 2329
0.6, 2330
0.6, 2331
0.6, 2332
0.6, 2333
0.6, 2334
0.6, 2335
0.6, 2336
0.6, 2337
0.6, 2338
0.6, 2339
0.6, 2340
0.6, 2341
0.6, 2342
0.6, 2343
0.6, 2344
0.6, 2345
0.6, 2346
0.6, 2347
0.6, 2348
0.6, 2349
0.6, 2350
0.6, 2351
0.6, 2352
0.6, 2353
0.6, 2354
0.6, 2355
0.6, 2356
0.6, 2357
0.6, 2358
0.6, 2359
0.6, 2360
0.6, 2361
0.6, 2362
0.6, 2363
0.6, 2364
0.6, 2365
0.6, 2366
0.6, 2367
0.6, 2368
0.6, 2369
0.6, 2370
0.6, 2371
0.6, 2372
0.6, 2373
0.6, 2374
0.6, 2375
0.6, 2376
0.6, 2377
0.6, 2378
0.6, 2379
0.6, 2380
0.6, 2381
0.6, 2382
0.6, 2383
0.6, 2384
0.6, 2385
0.6, 2386
0.6, 2387
0.6, 2388
0.6, 2389
0.6, 2390
0.6, 2391
0.6, 2392
0.6, 2393
0.6, 2394
0.6, 2395
0.6, 2396
0.6, 2397
0.6, 2398
0.6, 2399
0.6, 2400
0.6, 2401
0.6, 2402
0.6, 2403
0.6, 2404
0.6, 2405
0.6, 2406
0.6, 2407
0.6, 2408
0.6, 2409
0.6, 2410
0.6, 2411
0.6, 2412
0.6, 2413
0.6, 2414
0.6, 2415
0.6, 2416
0.6, 2417
0.6, 2418
0.6, 2419
0.6, 2420
0.6, 2421
0.6, 2422
0.6, 2423
0.6, 2424
0.6, 2425
0.6, 2426
0.6, 2427
0.6, 2428
0.6, 2429
0.6, 2430
0.6, 2431
0.6, 2432
0.6, 2433
0.6, 2434
0.6, 2435
0.6, 2436
0.6, 2437
0.6, 2438
0.6, 2439
0.6, 2440
0.6, 2441
0.6, 2442
0.6, 2443
0.6, 2444
0.6, 2445
0.6, 2446
0.6, 2447
0.6, 2448
0.6, 2449
0.6, 2450
0.6, 2451
0.6, 2452
0.6, 2453
0.6, 2454
0.6, 2455
0.6, 2456
0.6, 2457
0.6, 2458
0.6, 2459
0.6, 2460
0.6, 2461
0.6, 2462
0.6, 2463
0.6, 2464
0.6, 2465
0.6, 2466
0.6, 2467
0.6, 2468
0.6, 2469
0.6, 2470
0.6, 2471
0.6, 2472
0.6, 2473
0.6, 2474
0.6, 2475
0.6, 2476
0.6, 2477
0.6, 2478
0.6, 2479
0.6, 2480
0.6, 2481
0.6, 2482
0.6, 2483
0.6, 2484
0.6, 2485
0.6, 2486
0.6, 2487
0.6, 2488
0.6, 2489
0.6, 2490
0.6, 2491
0.6, 2492
0.6, 2493
0.6, 2494
0.6, 2495
0.6, 2496
0.6, 2497
0.6, 2498
0.6, 2499
0.6, 2500
0.6, 2501
0.6, 2502
0.6, 2503
0.6, 2504
0.6, 2505
0.6, 2506
0.6, 2507
0.6, 2508
0.6, 2509
0.6, 2510
0.6, 2511
0.6, 2512
0.6, 2513
0.6, 2514
0.6, 2515
0.6, 2516
0.6, 2517
0.6, 2518
0.6, 2519
0.6, 2520
0.6, 2521
0.6, 2522
0.6, 2523
0.6, 2524
0.6, 2525
0.6, 2526
0.6, 2527
0.6, 2528
0.6, 2529
0.6, 2530
0.6, 2531
0.6, 2532
0.6, 2533
0.6, 2534
0.6, 2535
0.6, 2536
0.6, 2537
0.6, 2538
0.6, 2539
0.6, 2540
0.6, 2541
0.6, 2542
0.6, 2543
0.6, 2544
0.6, 2545
0.6, 2546
0.6, 2547
0.6, 2548
0.6, 2549
0.6, 2550
0.6, 2551
0.6, 2552
0.6, 2553
0.6, 2554
0.6, 2555
0.6, 2556
0.6, 2557
0.6, 2558
0.6, 2559
0.6, 2560
0.6, 2561
0.6, 2562
0.6, 2563
0.6, 2564
0.6, 2565
0.6, 2566
0.6, 2567
0.6, 2568
0.6, 2569
0.6, 2570
0.6, 2571
0.6, 2572
0.6, 2573
0.6, 2574
0.6, 2575
0.6, 2576
0.6, 2577
0.6, 2578
0.6, 2579
0.6, 2580
0.6, 2581
0.6, 2582
0.6, 2583
0.6, 2584
0.6, 2585
0.6, 2586
0.6, 2587
0.6, 2588
0.6, 2589
0.6, 2590
0.6, 2591
0.6, 2592
0.6, 2593
0.6, 2594
0.6, 2595
0.6, 2596
0.6, 2597
0.6, 2598
0.6, 2599
0.6, 2600
0.6, 2601
0.6, 2602
0.6, 2603
0.6, 2604
0.6, 2605
0.6, 2606
0.6, 2607
0.6, 2608
0.6, 2609
0.6, 2610
0.6, 2611
0.6, 2612
0.6, 2613
0.6, 2614
0.6, 2615
0.6, 2616
0.6, 2617
0.6, 2618
0.6, 2619
0.6, 2620
0.6, 2621
0.6, 2622
0.6, 2623
0.6, 2624
0.6, 2625
0.6, 2626
0.6, 2627
0.6, 2628
0.6, 2629
0.6, 2630
0.6, 2631
0.6, 2632
0.6, 2633
0.6, 2634
0.6, 2635
0.6, 2636
0.6, 2637
0.6, 2638
0.6, 2639
0.6, 2640
0.6, 2641
0.6, 2642
0.6, 2643
0.6, 2644
0.6, 2645
0.6, 2646
0.6, 2647
0.6, 2648
0.6, 2649
0.6, 2650
0.6, 2651
0.6, 2652
0.6, 2653
0.6, 2654
0.6, 2655
0.6, 2656
0.6, 2657
0.6, 2658
0.6, 2659
0.6, 2660
0.6, 2661
0.6, 2662
0.6, 2663
0.6, 2664
0.6, 2665
0.6, 2666
0.6, 2667
0.6, 2668
0.6, 2669
0.6, 2670
0.6, 2671
0.6, 2672
0.6, 2673
0.6, 2674
0.6, 2675
0.6, 2676
0.6, 2677
0.6, 2678
0.6, 2679
0.6, 2680
0.6, 2681
0.6, 2682
0.6, 2683
0.6, 2684
0.6, 2685
0.6, 2686
0.6, 2687
0.6, 2688
0.6, 2689
0.6, 2690
0.6, 2691
0.6, 2692
0.6, 2693
0.6, 2694
0.6, 2695
0.6, 2696
0.6, 2697
0.6, 2698
0.6, 2699
0.6, 2700
0.6, 2701
0.6, 2702
0.6, 2703
0.6, 2704
0.6, 2705
0.6, 2706
0.6, 2707
0.6, 2708
0.6, 2709
0.6, 2710
0.6, 2711
0.6, 2712
0.6, 2713
0.6, 2714
0.6, 2715
0.6, 2716
0.6, 2717
0.6, 2718
0.6, 2719
0.6, 2720
0.6, 2721
0.6, 2722
0.6, 2723
0.6, 2724
0.6, 2725
0.6, 2726
0.6, 2727
0.6, 2728
0.6, 2729
0.6, 2730
0.6, 2731
0.6, 2732
0.6, 2733
0.6, 2734
0.6, 2735
0.6, 2736
0.6, 2737
0.6, 2738
0.6, 2739
0.6, 2740
0.6, 2741
0.6, 2742
0.6, 2743
0.6, 2744
0.6, 2745
0.6, 2746
0.6, 2747
0.6, 2748
0.6, 2749
0.6, 2750
0.6, 2751
0.6, 2752
0.6, 2753
0.6, 2754
0.6, 2755
0.6, 2756
0.6, 2757
0.6, 2758
0.6, 2759
0.6, 2760
0.6, 2761
0.6, 2762
0.6, 2763
0.6, 2764
0.6, 2765
0.6, 2766
0.6, 2767
0.6, 2768
0.6, 2769
0.6, 2770
0.6, 2771
0.6, 2772
0.6, 2773
0.6, 2774
0.6, 2775
0.6, 2776
0.6, 2777
0.6, 2778
0.6, 2779
0.6, 2780
0.6, 2781
0.6, 2782
0.6, 2783
0.6, 2784
0.6, 2785
0.6, 2786
0.6, 2787
0.6, 2788
0.6, 2789
0.6, 2790
0.6, 2791
0.6, 2792
0.6, 2793
0.6, 2794
0.6, 2795
0.6, 2796
0.6, 2797
0.6, 2798
0.6, 2799
0.6, 2800
0.6, 2801
0.6, 2802
0.6, 2803
0.6, 2804
0.6, 2805
0.6, 2806
0.6, 2807
0.6, 2808
0.6, 2809
0.6, 2810
0.6, 2811
0.6, 2812
0.6, 2813
0.6, 2814
0.6, 2815
0.6, 2816
0.6, 2817
0.6, 2818
0.6, 2819
0.6, 2820
0.6, 2821
0.6, 2822
0.6, 2823
0.6, 2824
0.6, 2825
0.6, 2826
0.6, 2827
0.6, 2828
0.6, 2829
0.6, 2830
0.6, 2831
0.6, 2832
0.6, 2833
0.6, 2834
0.6, 2835
0.6, 2836
0.6, 2837
0.6, 2838
0.6, 2839
0.6, 2840
0.6, 2841
0.6, 2842
0.6, 2843
0.6, 2844
0.6, 2845
0.6, 2846
0.6, 2847
0.6, 2848
0.6, 2849
0.6, 2850
0.6, 2851
0.6, 2852
0.6, 2853
0.6, 2854
0.6, 2855
0.6, 2856
0.6, 2857
0.6, 2858
0.6, 2859
0.6, 2860
0.6, 2861
0.6, 2862
0.6, 2863
0.6, 2864
0.6, 2865
0.6, 2866
0.6, 2867
0.6, 2868
0.6, 2869
0.6, 2870
0.6, 2871
0.6, 2872
0.6, 2873
0.6, 2874
0.6, 2875
0.6, 2876
0.6, 2877
0.6, 2878
0.6, 2879
0.6, 2880
0.6, 2881
0.6, 2882
0.6, 2883
0.6, 2884
0.6, 2885
0.6, 2886
0.6, 2887
0.6, 2888
0.6, 2889
0.6, 2890
0.6, 2891
0.6, 2892
0.6, 2893
0.6, 2894
0.6, 2895
0.6, 2896
0.6, 2897
0.6, 2898
0.6, 2899
0.6, 2900
0.6, 2901
0.6, 2902
0.6, 2903
0.6, 2904
0.6, 2905
0.6, 2906
0.6, 2907
0.6, 2908
0.6, 2909
0.6, 2910
0.6, 2911
0.6, 2912
0.6, 2913
0.6, 2914
0.6, 2915
0.6, 2916
0.6, 2917
0.6, 2918
0.6, 2919
0.6, 2920
0.6, 2921
0.6, 2922
0.6, 2923
0.6, 2924
0.6, 2925
0.6, 2926
0.6, 2927
0.6, 2928
0.6, 2929
0.6, 2930
0.6, 2931
0.6, 2932
0.6, 2933
0.6, 2934
0.6, 2935
0.6, 2936
0.6, 2937
0.6, 2938
0.6, 2939
0.6, 2940
0.6, 2941
0.6, 2942
0.6, 2943
0.6, 2944
0.6, 2945
0.6, 2946
0.6, 2947
0.6, 2948
0.6, 2949
0.6, 2950
0.6, 2951
0.6, 2952
0.6, 2953
0.6, 2954
0.6, 2955
0.6, 2956
0.6, 2957
0.6, 2958
0.6, 2959
0.6, 2960
0.6, 2961
0.6, 2962
0.6, 2963
0.6, 2964
0.6, 2965
0.6, 2966
0.6, 2967
0.6, 2968
0.6, 2969
0.6, 2970
0.6, 2971
0.6, 2972
0.6, 2973
0.6, 2974
0.6, 2975
0.6, 2976
0.6, 2977
0.6, 2978
0.6, 2979
0.6, 2980
0.6, 2981
0.6, 2982
0.6, 2983
0.6, 2984
0.6, 2985
0.6, 2986
0.6, 2987
0.6, 2988
0.6, 2989
0.6, 2990
0.6, 2991
0.6, 2992
0.6, 2993
0.6, 2994
0.6, 2995
0.6, 2996
0.6, 2997
0.6, 2998
0.6, 2999
0.6, 3000
0.6, 3001
0.6, 3002
0.6, 3003
0.6, 3004
0.6, 3005
0.6, 3006
0.6, 3007
0.6, 3008
0.6, 3009
0.6, 3010
0.6, 3011
0.6, 3012
0.6, 3013
0.6, 3014
0.6, 3015
0.6, 3016
0.6, 3017
0.6, 3018
0.6, 3019
0.6, 3020
0.6, 3021
0.6, 3022
0.6, 3023
0.6, 3024
0.6, 3025
0.6, 3026
0.6, 3027
0.6, 3028
0.6, 3029
0.6, 3030
0.6, 3031
0.6, 3032
0.6, 3033
0.6, 3034
0.6, 3035
0.6, 3036
0.6, 3037
0.6, 3038
0.6, 3039
0.6, 3040
0.6, 3041
0.6, 3042
0.6, 3043
0.6, 3044
0.6, 3045
0.6, 3046
0.6, 3047
0.6, 3048
0.6, 3049
0.6, 3050
0.6, 3051
0.6, 3052
0.6, 3053
0.6, 3054
0.6, 3055
0.6, 3056
0.6, 3057
0.6, 3058
0.6, 3059
0.6, 3060
0.6, 3061
0.6, 3062
0.6, 3063
0.6, 3064
0.6, 3065
0.6, 3066
0.6, 3067
0.6, 3068
0.6, 3069
0.6, 3070
0.6, 3071
0.6, 3072
0.6, 3073
0.6, 3074
0.6, 3075
0.6, 3076
0.6, 3077
0.6, 3078
0.6, 3079
0.6, 3080
0.6, 3081
0.6, 3082
0.6, 3083
0.6, 3084
0.6, 3085
0.6, 3086
0.6, 3087
0.6, 3088
0.6, 3089
0.6, 3090
0.6, 3091
0.6, 3092
0.6, 3093
0.6, 3094
0.6, 3095
0.6, 3096
0.6, 3097
0.6, 3098
0.6, 3099
0.6, 3100
0.6, 3101
0.6, 3102
0.6, 3103
0.6, 3104
0.6, 3105
0.6, 3106
0.6, 3107
0.6, 3108
0.6, 3109
0.6, 3110
0.6, 3111
0.6, 3112
0.6, 3113
0.6, 3114
0.6, 3115
0.6, 3116
0.6, 3117
0.6, 3118
0.6, 3119
0.6, 3120
0.6, 3121
0.6, 3122
0.6, 3123
0.6, 3124
0.6, 3125
0.6, 3126
0.6, 3127
0.6, 3128
0.6, 3129
0.6, 3130
0.6, 3131
0.6, 3132
0.6, 3133
0.6, 3134
0.6, 3135
0.6, 3136
0.6, 3137
0.6, 3138
0.6, 3139
0.6, 3140
0.6, 3141
0.6, 3142
0.6, 3143
0.6, 3144
0.6, 3145
0.6, 3146
0.6, 3147
0.6, 3148
0.6, 3149
0.6, 3150
0.6, 3151
0.6, 3152
0.6, 3153
0.6, 3154
0.6, 3155
0.6, 3156
0.6, 3157
0.6, 3158
0.6, 3159
0.6, 3160
0.6, 3161
0.6, 3162
0.6, 3163
0.6, 3164
0.6, 3165
0.6, 3166
0.6, 3167
0.6, 3168
0.6, 3169
0.6, 3170
0.6, 3171
0.6, 3172
0.6, 3173
0.6, 3174
0.6, 3175
0.6, 3176
0.6, 3177
0.6, 3178
0.6, 3179
0.6, 3180
0.6, 3181
0.6, 3182
0.6, 3183
0.6, 3184
0.6, 3185
0.6, 3186
0.6, 3187
0.6, 3188
0.6, 3189
0.6, 3190
0.6, 3191
0.6, 3192
0.6, 3193
0.6, 3194
0.6, 3195
0.6, 3196
0.6, 3197
0.6, 3198
0.6, 3199
0.6, 3200
0.6, 3201
0.6, 3202
0.6, 3203
0.6, 3204
0.6, 3205
0.6, 3206
0.6, 3207
0.6, 3208
0.6, 3209
0.6, 3210
0.6, 3211
0.6, 3212
0.6, 3213
0.6, 3214
0.6, 3215
0.6, 3216
0.6, 3217
0.6, 3218
0.6, 3219
0.6, 3220
0.6, 3221
0.6, 3222
0.6, 3223
0.6, 3224
0.6, 3225
0.6, 3226
0.6, 3227
0.6, 3228
0.6, 3229
0.6, 3230
0.6, 3231
0.6, 3232
0.6, 3233
0.6, 3234
0.6, 3235
0.6, 3236
0.6, 3237
0.6, 3238
0.6, 3239
0.6, 3240
0.6, 3241
0.6, 3242
0.6, 3243
0.6, 3244
0.6, 3245
0.6, 3246
0.6, 3247
0.6, 3248
0.6, 3249
0.6, 3250
0.6, 3251
0.6, 3252
0.6, 3253
0.6, 3254
0.6, 3255
0.6, 3256
0.6, 3257
0.6, 3258
0.6, 3259
0.6, 3260
0.6, 3261
0.6, 3262
0.6, 3263
0.6, 3264
0.6, 3265
0.6, 3266
0.6, 3267
0.6, 3268
0.6, 3269
0.6, 3270
0.6, 3271
0.6, 3272
0.6, 3273
0.6, 3274
0.6, 3275
0.6, 3276
0.6, 3277
0.6, 3278
0.6, 3279
0.6, 3280
0.6, 3281
0.6, 3282
0.6, 3283
0.6, 3284
0.6, 3285
0.6, 3286
0.6, 3287
0.6, 3288
0.6, 3289
0.6, 3290
0.6, 3291
0.6, 3292
0.6, 3293
0.6, 3294
0.6, 3295
0.6, 3296
0.6, 3297
0.6, 3298
0.6, 3299
0.6, 3300
0.6, 3301
0.6, 3302
0.6, 3303
0.6, 3304
0.6, 3305
0.6, 3306
0.6, 3307
0.6, 3308
0.6, 3309
0.6, 3310
0.6, 3311
0.6, 3312
0.6, 3313
0.6, 3314
0.6, 3315
0.6, 3316
0.6, 3317
0.6, 3318
0.6, 3319
0.6, 3320
0.6, 3321
0.6, 3322
0.6, 3323
0.6, 3324
0.6, 3325
0.6, 3326
0.6, 3327
0.6, 3328
0.6, 3329
0.6, 3330
0.6, 3331
0.6, 3332
0.6, 3333
0.6, 3334
0.6, 3335
0.6, 3336
0.6, 3337
0.6, 3338
0.6, 3339
0.6, 3340
0.6, 3341
0.6, 3342
0.6, 3343
0.6, 3344
0.6, 3345
0.6, 3346
0.6, 3347
0.6, 3348
0.6, 3349
0.6, 3350
0.6, 3351
0.6, 3352
0.6, 3353
0.6, 3354
0.6, 3355
0.6, 3356
0.6, 3357
0.6, 3358
0.6, 3359
0.6, 3360
0.6, 3361
0.6, 3362
0.6, 3363
0.6, 3364
0.6, 3365
0.6, 3366
0.6, 3367
0.6, 3368
0.6, 3369
0.6, 3370
0.6, 3371
0.6, 3372
0.6, 3373
0.6, 3374
0.6, 3375
0.6, 3376
0.6, 3377
0.6, 3378
0.6, 3379
0.6, 3380
0.6, 3381
0.6, 3382
0.6, 3383
0.6, 3384
0.6, 3385
0.6, 3386
0.6, 3387
0.6, 3388
0.6, 3389
0.6, 3390
0.6, 3391
0.6, 3392
0.6, 3393
0.6, 3394
0.6, 3395
0.6, 3396
0.6, 3397
0.6, 3398
0.6, 3399
0.6, 3400
0.6, 3401
0.6, 3402
0.6, 3403
0.6, 3404
0.6, 3405
0.6, 3406
0.6, 3407
0.6, 3408
0.6, 3409
0.6, 3410
0.6, 3411
0.6, 3412
0.6, 3413
0.6, 3414
0.6, 3415
0.6, 3416
0.6, 3417
0.6, 3418
0.6, 3419
0.6, 3420
0.6, 3421
0.6, 3422
0.6, 3423
0.6, 3424
0.6, 3425
0.6, 3426
0.6, 3427
0.6, 3428
0.6, 3429
0.6, 3430
0.6, 3431
0.6, 3432
0.6, 3433
0.6, 3434
0.6, 3435
0.6, 3436
0.6, 3437
0.6, 3438
0.6, 3439
0.6, 3440
0.6, 3441
0.6, 3442
0.6, 3443
0.6, 3444
0.6, 3445
0.6, 3446
0.6, 3447
0.6, 3448
0.6, 3449
0.6, 3450
0.6, 3451
0.6, 3452
0.6, 3453
0.6, 3454
0.6, 3455
0.6, 3456
0.6, 3457
0.6, 3458
0.6, 3459
0.6, 3460
0.6, 3461
0.6, 3462
0.6, 3463
0.6, 3464
0.6, 3465
0.6, 3466
0.6, 3467
0.6, 3468
0.6, 3469
0.6, 3470
0.6, 3471
0.6, 3472
0.6, 3473
0.6, 3474
0.6, 3475
0.6, 3476
0.6, 3477
0.6, 3478
0.6, 3479
0.6, 3480
0.6, 3481
0.6, 3482
0.6, 3483
0.6, 3484
0.6, 3485
0.6, 3486
0.6, 3487
0.6, 3488
0.6, 3489
0.6, 3490
0.6, 3491
0.6, 3492
0.6, 3493
0.6, 3494
0.6, 3495
0.6, 3496
0.6, 3497
0.6, 3498
0.6, 3499
0.6, 3500
0.6, 3501
0.6, 3502
0.6, 3503
0.6, 3504
0.6, 3505
0.6, 3506
0.6, 3507
0.6, 3508
0.6, 3509
0.6, 3510
0.6, 3511
0.6, 3512
0.6, 3513
0.6, 3514
0.6, 3515
0.6, 3516
0.6, 3517
0.6, 3518
0.6, 3519
0.6, 3520
0.6, 3521
0.6, 3522
0.6, 3523
0.6, 3524
0.6, 3525
0.6, 3526
0.6, 3527
0.6, 3528
0.6, 3529
0.6, 3530
0.6, 3531
0.6, 3532
0.6, 3533
0.6, 3534
0.6, 3535
0.6, 3536
0.6, 3537
0.6, 3538
0.6, 3539
0.6, 3540
0.6, 3541
0.6, 3542
0.6, 3543
0.6, 3544
0.6, 3545
0.6, 3546
0.6, 3547
0.6, 3548
0.6, 3549
0.6, 3550
0.6, 3551
0.6, 3552
0.6, 3553
0.6, 3554
0.6, 3555
0.6, 3556
0.6, 3557
0.6, 3558
0.6, 3559
0.6, 3560
0.6, 3561
0.6, 3562
0.6, 3563
0.6, 3564
0.6, 3565
0.6, 3566
0.6, 3567
0.6, 3568
0.6, 3569
0.6, 3570
0.6, 3571
0.6, 3572
0.6, 3573
0.6, 3574
0.6, 3575
0.6, 3576
0.6, 3577
0.6, 3578
0.6, 3579
0.6, 3580
0.6, 3581
0.6, 3582
0.6, 3583
0.6, 3584
0.6, 3585
0.6, 3586
0.6, 3587
0.6, 3588
0.6, 3589
0.6, 3590
0.6, 3591
0.6, 3592
0.6, 3593
0.6, 3594
0.6, 3595
0.6, 3596
0.6, 3597
0.6, 3598
0.6, 3599
0.6, 3600
0.6, 3601
0.6, 3602
0.6, 3603
0.6, 3604
0.6, 3605
0.6, 3606
0.6, 3607
0.6, 3608
0.6, 3609
0.6, 3610
0.6, 3611
0.6, 3612
0.6, 3613
0.6, 3614
0.6, 3615
0.6, 3616
0.6, 3617
0.6, 3618
0.6, 3619
0.6, 3620
0.6, 3621
0.6, 3622
0.6, 3623
0.6, 3624
0.6, 3625
0.6, 3626
0.6, 3627
0.6, 3628
0.6, 3629
0.6, 3630
0.6, 3631
0.6, 3632
0.6, 3633
0.6, 3634
0.6, 3635
0.6, 3636
0.6, 3637
0.6, 3638
0.6, 3639
0.6, 3640
0.6, 3641
0.6, 3642
0.6, 3643
0.6, 3644
0.6, 3645
0.6, 3646
0.6, 3647
0.6, 3648
0.6, 3649
0.6, 3650
0.6, 3651
0.6, 3652
0.6, 3653
0.6, 3654
0.6, 3655
0.6, 3656
0.6, 3657
0.6, 3658
0.6, 3659
0.6, 3660
0.6, 3661
0.6, 3662
0.6, 3663
0.6, 3664
0.6, 3665
0.6, 3666
0.6, 3667
0.6, 3668
0.6, 3669
0.6, 3670
0.6, 3671
0.6, 3672
0.6, 3673
0.6, 3674
0.6, 3675
0.6, 3676
0.6, 3677
0.6, 3678
0.6, 3679
0.6, 3680
0.6, 3681
0.6, 3682
0.6, 3683
0.6, 3684
0.6, 3685
0.6, 3686
0.6, 3687
0.6, 3688
0.6, 3689
0.6, 3690
0.6, 3691
0.6, 3692
0.6, 3693
0.6, 3694
0.6, 3695
0.6, 3696
0.6, 3697
0.6, 3698
0.6, 3699
0.6, 3700
0.6, 3701
0.6, 3702
0.6, 3703
0.6, 3704
0.6, 3705
0.6, 3706
0.6, 3707
0.6, 3708
0.6, 3709
0.6, 3710
0.6, 3711
0.6, 3712
0.6, 3713
0.6, 3714
0.6, 3715
0.6, 3716
0.6, 3717
0.6, 3718
0.6, 3719
0.6, 3720
0.6, 3721
0.6, 3722
0.6, 3723
0.6, 3724
0.6, 3725
0.6, 3726
0.6, 3727
0.6, 3728
0.6, 3729
0.6, 3730
0.6, 3731
0.6, 3732
0.6, 3733
0.6, 3734
0.6, 3735
0.6, 3736
0.6, 3737
0.6, 3738
0.6, 3739
0.6, 3740
0.6, 3741
0.6, 3742
0.6, 3743
0.6, 3744
0.6, 3745
0.6, 3746
0.6, 3747
0.6, 3748
0.6, 3749
0.6, 3750
0.6, 3751
0.6, 3752
0.6, 3753
0.6, 3754
0.6, 3755
0.6, 3756
0.6, 3757
0.6, 3758
0.6, 3759
0.6, 3760
0.6, 3761
0.6, 3762
0.6, 3763
0.6, 3764
0.6, 3765
0.6, 3766
0.6, 3767
0.6, 3768
0.6, 3769
0.6, 3770
0.6, 3771
0.6, 3772
0.6, 3773
0.6, 3774
0.6, 3775
0.6, 3776
0.6, 3777
0.6, 3778
0.6, 3779
0.6, 3780
0.6, 3781
0.6, 3782
0.6, 3783
0.6, 3784
0.6, 3785
0.6, 3786
0.6, 3787
0.6, 3788
0.6, 3789
0.6, 3790
0.6, 3791
0.6, 3792
0.6, 3793
0.6, 3794
0.6, 3795
0.6, 3796
0.6, 3797
0.6, 3798
0.6, 3799
0.6, 3800
0.6, 3801
0.6, 3802
0.6, 3803
0.6, 3804
0.6, 3805
0.6, 3806
0.6, 3807
0.6, 3808
0.6, 3809
0.6, 3810
0.6, 3811
0.6, 3812
0.6, 3813
0.6, 3814
0.6, 3815
0.6, 3816
0.6, 3817
0.6, 3818
0.6, 3819
0.6, 3820
0.6, 3821
0.6, 3822
0.6, 3823
0.6, 3824
0.6, 3825
0.6, 3826
0.6, 3827
0.6, 3828
0.6, 3829
0.6, 3830
0.6, 3831
0.6, 3832
0.6, 3833
0.6, 3834
0.6, 3835
0.6, 3836
0.6, 3837
0.6, 3838
0.6, 3839
0.6, 3840
0.6, 3841
0.6, 3842
0.6, 3843
0.6, 3844
0.6, 3845
0.6, 3846
0.6, 3847
0.6, 3848
0.6, 3849
0.6, 3850
0.6, 3851
0.6, 3852
0.6, 3853
0.6, 3854
0.6, 3855
0.6, 3856
0.6, 3857
0.6, 3858
0.6, 3859
0.6, 3860
0.6, 3861
0.6, 3862
0.6, 3863
0.6, 3864
0.6, 3865
0.6, 3866
0.6, 3867
0.6, 3868
0.6, 3869
0.6, 3870
0.6, 3871
0.6, 3872
0.6, 3873
0.6, 3874
0.6, 3875
0.6, 3876
0.6, 3877
0.6, 3878
0.6, 3879
0.6, 3880
0.6, 3881
0.6, 3882
0.6, 3883
0.6, 3884
0.6, 3885
0.6, 3886
0.6, 3887
0.6, 3888
0.6, 3889
0.6, 3890
0.6, 3891
0.6, 3892
0.6, 3893
0.6, 3894
0.6, 3895
0.6, 3896
0.6, 3897
0.6, 3898
0.6, 3899
0.6, 3900
0.6, 3901
0.6, 3902
0.6, 3903
0.6, 3904
0.6, 3905
0.6, 3906
0.6, 3907
0.6, 3908
0.6, 3909
0.6, 3910
0.6, 3911
0.6, 3912
0.6, 3913
0.6, 3914
0.6, 3915
0.6, 3916
0.6, 3917
0.6, 3918
0.6, 3919
0.6, 3920
0.6, 3921
0.6, 3922
0.6, 3923
0.6, 3924
0.6, 3925
0.6, 3926
0.6, 3927
0.6, 3928
0.6, 3929
0.6, 3930
0.6, 3931
0.6, 3932
0.6, 3933
0.6, 3934
0.6, 3935
0.6, 3936
0.6, 3937
0.6, 3938
0.6, 3939
0.6, 3940
0.6, 3941
0.6, 3942
0.6, 3943
0.6, 3944
0.6, 3945
0.6, 3946
0.6, 3947
0.6, 3948
0.6, 3949
0.6, 3950
0.6, 3951
0.6, 3952
0.6, 3953
0.6, 3954
0.6, 3955
0.6, 3956
0.6, 3957
0.6, 3958
0.6, 3959
0.6, 3960
0.6, 3961
0.6, 3962
0.6, 3963
0.6, 3964
0.6, 3965
0.6, 3966
0.6, 3967
0.6, 3968
0.6, 3969
0.6, 3970
0.6, 3971
0.6, 3972
0.6, 3973
0.6, 3974
0.6, 3975
0.6, 3976
0.6, 3977
0.6, 3978
0.6, 3979
0.6, 3980
0.6, 3981
0.6, 3982
0.6, 3983
0.6, 3984
0.6, 3985
0.6, 3986
0.6, 3987
0.6, 3988
0.6, 3989
0.6, 3990
0.6, 3991
0.6, 3992
0.6, 3993
0.6, 3994
0.6, 3995
0.6, 3996
0.6, 3997
0.6, 3998
0.6, 3999
0.6, 4000
0.6, 4001
0.6, 4002
0.6, 4003
0.6, 4004
0.6, 4005
0.6, 4006
0.6, 4007
0.6, 4008
0.6, 4009
0.6, 4010
0.6, 4011
0.6, 4012
0.6, 4013
0.6, 4014
0.6, 4015
0.6, 4016
0.6, 4017
0.6, 4018
0.6, 4019
0.6, 4020
0.6, 4021
0.6, 4022
0.6, 4023
0.6, 4024
0.6, 4025
0.6, 4026
0.6, 4027
0.6, 4028
0.6, 4029
0.6, 4030
0.6, 4031
0.6, 4032
0.6, 4033
0.6, 4034
0.6, 4035
0.6, 4036
0.6, 4037
0.6, 4038
0.6, 4039
0.6, 4040
0.6, 4041
0.6, 4042
0.6, 4043
0.6, 4044
0.6, 4045
0.6, 4046
0.6, 4047
0.6, 4048
0.6, 4049
0.6, 4050
0.6, 4051
0.6, 4052
0.6, 4053
0.6, 4054
0.6, 4055
0.6, 4056
0.6, 4057
0.6, 4058
0.6, 4059
0.6, 4060
0.6, 4061
0.6, 4062
0.6, 4063
0.6, 4064
0.6, 4065
0.6, 4066
0.6, 4067
0.6, 4068
0.6, 4069
0.6, 4070
0.6, 4071
0.6, 4072
0.6, 4073
0.6, 4074
0.6, 4075
0.6, 4076
0.6, 4077
0.6, 4078
0.6, 4079
0.6, 4080
0.6, 4081
0.6, 4082
0.6, 4083
0.6, 4084
0.6, 4085
0.6, 4086
0.6, 4087
0.6, 4088
0.6, 4089
0.6, 4090
0.6, 4091
0.6, 4092
0.6, 4093
0.6, 4094
0.6, 4095
0.6, 4096
0.6, 4097
0.6, 4098
0.6, 4099
0.6, 4100
0.6, 4101
0.6, 4102
0.6, 4103
0.6, 4104
0.6, 4105
0.6, 4106
0.6, 4107
0.6, 4108
0.6, 4109
0.6, 4110
0.6, 4111
0.6, 4112
0.6, 4113
0.6, 4114
0.6, 4115
0.6, 4116
0.6, 4117
0.6, 4118
0.6, 4119
0.6, 4120
0.6, 4121
0.6, 4122
0.6, 4123
0.6, 4124
0.6, 4125
0.6, 4126
0.6, 4127
0.6, 4128
0.6, 4129
0.6, 4130
0.6, 4131
0.6, 4132
0.6, 4133
0.6, 4134
0.6, 4135
0.6, 4136
0.6, 4137
0.6, 4138
0.6, 4139
0.6, 4140
0.6, 4141
0.6, 4142
0.6, 4143
0.6, 4144
0.6, 4145
0.6, 4146
0.6, 4147
0.6, 4148
0.6, 4149
0.6, 4150
0.6, 4151
0.6, 4152
0.6, 4153
0.6, 4154
0.6, 4155
0.6, 4156
0.6, 4157
0.6, 4158
0.6, 4159
0.6, 4160
0.6, 4161
0.6, 4162
0.6, 4163
0.6, 4164
0.6, 4165
0.6, 4166
0.6, 4167
0.6, 4168
0.6, 4169
0.6, 4170
0.6, 4171
0.6, 4172
0.6, 4173
0.6, 4174
0.6, 4175
0.6, 4176
0.6, 4177
0.6, 4178
0.6, 4179
0.6, 4180
0.6, 4181
0.6, 4182
0.6, 4183
0.6, 4184
0.6, 4185
0.6, 4186
0.6, 4187
0.6, 4188
0.6, 4189
0.6, 4190
0.6, 4191
0.6, 4192
0.6, 4193
0.6, 4194
0.6, 4195
0.6, 4196
0.6, 4197
0.6, 4198
0.6, 4199
0.6, 4200
0.6, 4201
0.6, 4202
0.6, 4203
0.6, 4204
0.6, 4205
0.6, 4206
0.6, 4207
0.6, 4208
0.6, 4209
0.6, 4210
0.6, 4211
0.6, 4212
0.6, 4213
0.6, 4214
0.6, 4215
0.6, 4216
0.6, 4217
0.6, 4218
0.6, 4219
0.6, 4220
0.6, 4221
0.6, 4222
0.6, 4223
0.6, 4224
0.6, 4225
0.6, 4226
0.6, 4227
0.6, 4228
0.6, 4229
0.6, 4230
0.6, 4231
0.6, 4232
0.6, 4233
0.6, 4234
0.6, 4235
0.6, 4236
0.6, 4237
0.6, 4238
0.6, 4239
0.6, 4240
0.6, 4241
0.6, 4242
0.6, 4243
0.6, 4244
0.6, 4245
0.6, 4246
0.6, 4247
0.6, 4248
0.6, 4249
0.6, 4250
0.6, 4251
0.6, 4252
0.6, 4253
0.6, 4254
0.6, 4255
0.6, 4256
0.6, 4257
0.6, 4258
0.6, 4259
0.6, 4260
0.6, 4261
0.6, 4262
0.6, 4263
0.6, 4264
0.6, 4265
0.6, 4266
0.6, 4267
0.6, 4268
0.6, 4269
0.6, 4270
0.6, 4271
0.6, 4272
0.6, 4273
0.6, 4274
0.6, 4275
0.6, 4276
0.6, 4277
0.6, 4278
0.6, 4279
0.6, 4280
0.6, 4281
0.6, 4282
0.6, 4283
0.6, 4284
0.6, 4285
0.6, 4286
0.6, 4287
0.6, 4288
0.6, 4289
0.6, 4290
0.6, 4291
0.6, 4292
0.6, 4293
0.6, 4294
0.6, 4295
0.6, 4296
0.6, 4297
0.6, 4298
0.6, 4299
0.6, 4300
0.6, 4301
0.6, 4302
0.6, 4303
0.6, 4304
0.6, 4305
0.6, 4306
0.6, 4307
0.6, 4308
0.6, 4309
0.6, 4310
0.6, 4311
0.6, 4312
0.6, 4313
0.6, 4314
0.6, 4315
0.6, 4316
0.6, 4317
0.6, 4318
0.6, 4319
0.6, 4320
0.6, 4321
0.6, 4322
0.6, 4323
0.6, 4324
0.6, 4325
0.6, 4326
0.6, 4327
0.6, 4328
0.6, 4329
0.6, 4330
0.6, 4331
0.6, 4332
0.6, 4333
0.6, 4334
0.6, 4335
0.6, 4336
0.6, 4337
0.6, 4338
0.6, 4339
0.6, 4340
0.6, 4341
0.6, 4342
0.6, 4343
0.6, 4344
0.6, 4345
0.6, 4346
0.6, 4347
0.6, 4348
0.6, 4349
0.6, 4350
0.6, 4351
0.6, 4352
0.6, 4353
0.6, 4354
0.6, 4355
0.6, 4356
0.6, 4357
0.6, 4358
0.6, 4359
0.6, 4360
0.6, 4361
0.6, 4362
0.6, 4363
0.6, 4364
0.6, 4365
0.6, 4366
0.6, 4367
0.6, 4368
0.6, 4369
0.6, 4370
0.6, 4371
0.6, 4372
0.6, 4373
0.6, 4374
0.6, 4375
0.6, 4376
0.6, 4377
0.6, 4378
0.6, 4379
0.6, 4380
0.6, 4381
0.6, 4382
0.6, 4383
0.6, 4384
0.6, 4385
0.6, 4386
0.6, 4387
0.6, 4388
0.6, 4389
0.6, 4390
0.6, 4391
0.6, 4392
0.6, 4393
0.6, 4394
0.6, 4395
0.6, 4396
0.6, 4397
0.6, 4398
0.6, 4399
0.6, 4400
0.6, 4401
0.6, 4402
0.6, 4403
0.6, 4404
0.6, 4405
0.6, 4406
0.6, 4407
0.6, 4408
0.6, 4409
0.6, 4410
0.6, 4411
0.6, 4412
0.6, 4413
0.6, 4414
0.6, 4415
0.6, 4416
0.6, 4417
0.6, 4418
0.6, 4419
0.6, 4420
0.6, 4421
0.6, 4422
0.6, 4423
0.6, 4424
0.6, 4425
0.6, 4426
0.6, 4427
0.6, 4428
0.6, 4429
0.6, 4430
0.6, 4431
0.6, 4432
0.6, 4433
0.6, 4434
0.6, 4435
0.6, 4436
0.6, 4437
0.6, 4438
0.6, 4439
0.6, 4440
0.6, 4441
0.6, 4442
0.6, 4443
0.6, 4444
0.6, 4445
0.6, 4446
0.6, 4447
0.6, 4448
0.6, 4449
0.6, 4450
0.6, 4451
0.6, 4452
0.6, 4453
0.6, 4454
0.6, 4455
0.6, 4456
0.6, 4457
0.6, 4458
0.6, 4459
0.6, 4460
0.6, 4461
0.6, 4462
0.6, 4463
0.6, 4464
0.6, 4465
0.6, 4466
0.6, 4467
0.6, 4468
0.6, 4469
0.6, 4470
0.6, 4471
0.6, 4472
0.6, 4473
0.6, 4474
0.6, 4475
0.6, 4476
0.6, 4477
0.6, 4478
0.6, 4479
0.6, 4480
0.6, 4481
0.6, 4482
0.6, 4483
0.6, 4484
0.6, 4485
0.6, 4486
0.6, 4487
0.6, 4488
0.6, 4489
0.6, 4490
0.6, 4491
0.6, 4492
0.6, 4493
0.6, 4494
0.6, 4495
0.6, 4496
0.6, 4497
0.6, 4498
0.6, 4499
0.6, 4500
0.6, 4501
0.6, 4502
0.6, 4503
0.6, 4504
0.6, 4505
0.6, 4506
0.6, 4507
0.6, 4508
0.6, 4509
0.6, 4510
0.6, 4511
0.6, 4512
0.6, 4513
0.6, 4514
0.6, 4515
0.6, 4516
0.6, 4517
0.6, 4518
0.6, 4519
0.6, 4520
0.6, 4521
0.6, 4522
0.6, 4523
0.6, 4524
0.6, 4525
0.6, 4526
0.6, 4527
0.6, 4528
0.6, 4529
0.6, 4530
0.6, 4531
0.6, 4532
0.6, 4533
0.6, 4534
0.6, 4535
0.6, 4536
0.6, 4537
0.6, 4538
0.6, 4539
0.6, 4540
0.6, 4541
0.6, 4542
0.6, 4543
0.6, 4544
0.6, 4545
0.6, 4546
0.6, 4547
0.6, 4548
0.6, 4549
0.6, 4550
0.6, 4551
0.6, 4552
0.6, 4553
0.6, 4554
0.6, 4555
0.6, 4556
0.6, 4557
0.6, 4558
0.6, 4559
0.6, 4560
0.6, 4561
0.6, 4562
0.6, 4563
0.6, 4564
0.6, 4565
0.6, 4566
0.6, 4567
0.6, 4568
0.6, 4569
0.6, 4570
0.6, 4571
0.6, 4572
0.6, 4573
0.6, 4574
0.6, 4575
0.6, 4576
0.6, 4577
0.6, 4578
0.6, 4579
0.6, 4580
0.6, 4581
0.6, 4582
0.6, 4583
0.6, 4584
0.6, 4585
0.6, 4586
0.6, 4587
0.6, 4588
0.61, 4589
0.61, 4590
0.61, 4591
0.61, 4592
0.61, 4593
0.61, 4594
0.61, 4595
0.61, 4596
0.61, 4597
0.61, 4598
0.61, 4599
0.61, 4600
0.61, 4601
0.61, 4602
0.61, 4603
0.61, 4604
0.61, 4605
0.61, 4606
0.61, 4607
0.61, 4608
0.61, 4609
0.61, 4610
0.61, 4611
0.61, 4612
0.61, 4613
0.61, 4614
0.61, 4615
0.61, 4616
0.61, 4617
0.61, 4618
0.61, 4619
0.61, 4620
0.61, 4621
0.61, 4622
0.61, 4623
0.61, 4624
0.61, 4625
0.61, 4626
0.61, 4627
0.61, 4628
0.61, 4629
0.61, 4630
0.61, 4631
0.61, 4632
0.61, 4633
0.61, 4634
0.61, 4635
0.61, 4636
0.61, 4637
0.61, 4638
0.61, 4639
0.61, 4640
0.61, 4641
0.61, 4642
0.61, 4643
0.61, 4644
0.61, 4645
0.61, 4646
0.61, 4647
0.61, 4648
0.61, 4649
0.61, 4650
0.61, 4651
0.61, 4652
0.61, 4653
0.61, 4654
0.61, 4655
0.61, 4656
0.61, 4657
0.61, 4658
0.61, 4659
0.61, 4660
0.61, 4661
0.61, 4662
0.61, 4663
0.61, 4664
0.61, 4665
0.61, 4666
0.61, 4667
0.61, 4668
0.61, 4669
0.61, 4670
0.61, 4671
0.61, 4672
0.61, 4673
0.61, 4674
0.61, 4675
0.61, 4676
0.61, 4677
0.61, 4678
0.61, 4679
0.61, 4680
0.61, 4681
0.61, 4682
0.61, 4683
0.61, 4684
0.61, 4685
0.61, 4686
0.61, 4687
0.61, 4688
0.61, 4689
0.61, 4690
0.61, 4691
0.61, 4692
0.61, 4693
0.61, 4694
0.61, 4695
0.61, 4696
0.61, 4697
0.61, 4698
0.61, 4699
0.61, 4700
0.61, 4701
0.61, 4702
0.61, 4703
0.61, 4704
0.61, 4705
0.61, 4706
0.61, 4707
0.61, 4708
0.61, 4709
0.61, 4710
0.61, 4711
0.61, 4712
0.61, 4713
0.61, 4714
0.61, 4715
0.61, 4716
0.61, 4717
0.61, 4718
0.61, 4719
0.61, 4720
0.62, 4721
0.62, 4722
0.62, 4723
0.62, 4724
0.62, 4725
0.62, 4726
0.62, 4727
0.62, 4728
0.62, 4729
0.62, 4730
0.62, 4731
0.62, 4732
0.62, 4733
0.62, 4734
0.62, 4735
0.62, 4736
0.62, 4737
0.62, 4738
0.62, 4739
0.62, 4740
0.62, 4741
0.62, 4742
0.62, 4743
0.62, 4744
0.62, 4745
0.62, 4746
0.62, 4747
0.62, 4748
0.62, 4749
0.62, 4750
0.62, 4751
0.62, 4752
0.62, 4753
0.62, 4754
0.62, 4755
0.62, 4756
0.63, 4757
0.63, 4758
0.63, 4759
0.63, 4760
0.63, 4761
0.63, 4762
0.63, 4763
0.63, 4764
0.63, 4765
0.63, 4766
0.63, 4767
0.63, 4768
0.63, 4769
0.63, 4770
0.63, 4771
0.63, 4772
0.63, 4773
0.63, 4774
0.63, 4775
0.63, 4776
0.63, 4777
0.63, 4778
0.63, 4779
0.63, 4780
0.63, 4781
0.63, 4782
0.63, 4783
0.63, 4784
0.63, 4785
0.63, 4786
0.63, 4787
0.63, 4788
0.63, 4789
0.63, 4790
0.63, 4791
0.63, 4792
0.63, 4793
0.63, 4794
0.63, 4795
0.63, 4796
0.64, 4797
0.64, 4798
0.64, 4799
0.64, 4800
0.64, 4801
0.64, 4802
0.64, 4803
0.64, 4804
0.64, 4805
0.64, 4806
0.64, 4807
0.64, 4808
0.64, 4809
0.64, 4810
0.64, 4811
0.64, 4812
0.64, 4813
0.64, 4814
0.64, 4815
0.64, 4816
0.64, 4817
0.64, 4818
0.64, 4819
0.64, 4820
0.64, 4821
0.64, 4822
0.64, 4823
0.64, 4824
0.64, 4825
0.64, 4826
0.64, 4827
0.64, 4828
0.64, 4829
0.64, 4830
0.64, 4831
0.64, 4832
0.64, 4833
0.64, 4834
0.64, 4835
0.64, 4836
0.64, 4837
0.64, 4838
0.64, 4839
0.64, 4840
0.64, 4841
0.65, 4842
0.65, 4843
0.65, 4844
0.65, 4845
0.65, 4846
0.65, 4847
0.65, 4848
0.65, 4849
0.65, 4850
0.65, 4851
0.65, 4852
0.65, 4853
0.65, 4854
0.65, 4855
0.65, 4856
0.65, 4857
0.65, 4858
0.65, 4859
0.65, 4860
0.65, 4861
0.65, 4862
0.65, 4863
0.65, 4864
0.65, 4865
0.65, 4866
0.65, 4867
0.65, 4868
0.65, 4869
0.65, 4870
0.65, 4871
0.65, 4872
0.65, 4873
0.65, 4874
0.65, 4875
0.65, 4876
0.65, 4877
0.65, 4878
0.65, 4879
0.65, 4880
0.65, 4881
0.65, 4882
0.65, 4883
0.65, 4884
0.65, 4885
0.65, 4886
0.65, 4887
0.65, 4888
0.65, 4889
0.65, 4890
0.65, 4891
0.65, 4892
0.65, 4893
0.66, 4894
0.66, 4895
0.66, 4896
0.66, 4897
0.66, 4898
0.66, 4899
0.66, 4900
0.66, 4901
0.66, 4902
0.66, 4903
0.66, 4904
0.66, 4905
0.66, 4906
0.66, 4907
0.66, 4908
0.66, 4909
0.66, 4910
0.66, 4911
0.66, 4912
0.66, 4913
0.66, 4914
0.66, 4915
0.66, 4916
0.66, 4917
0.66, 4918
0.66, 4919
0.66, 4920
0.66, 4921
0.66, 4922
0.66, 4923
0.66, 4924
0.66, 4925
0.66, 4926
0.66, 4927
0.66, 4928
0.66, 4929
0.66, 4930
0.66, 4931
0.66, 4932
0.66, 4933
0.66, 4934
0.66, 4935
0.66, 4936
0.66, 4937
0.66, 4938
0.66, 4939
0.66, 4940
0.66, 4941
0.66, 4942
0.66, 4943
0.66, 4944
0.66, 4945
0.66, 4946
0.66, 4947
0.66, 4948
0.66, 4949
0.66, 4950
0.66, 4951
0.66, 4952
0.66, 4953
0.66, 4954
0.66, 4955
0.66, 4956
0.66, 4957
0.66, 4958
0.66, 4959
0.67, 4960
0.67, 4961
0.67, 4962
0.67, 4963
0.67, 4964
0.67, 4965
0.67, 4966
0.67, 4967
0.67, 4968
0.67, 4969
0.67, 4970
0.67, 4971
0.67, 4972
0.67, 4973
0.67, 4974
0.67, 4975
0.67, 4976
0.67, 4977
0.67, 4978
0.67, 4979
0.67, 4980
0.67, 4981
0.67, 4982
0.67, 4983
0.67, 4984
0.67, 4985
0.67, 4986
0.67, 4987
0.67, 4988
0.67, 4989
0.67, 4990
0.67, 4991
0.67, 4992
0.67, 4993
0.67, 4994
0.67, 4995
0.67, 4996
0.67, 4997
0.67, 4998
0.67, 4999
0.67, 5000
0.67, 5001
0.67, 5002
0.67, 5003
0.67, 5004
0.67, 5005
0.67, 5006
0.67, 5007
0.67, 5008
0.67, 5009
0.67, 5010
0.67, 5011
0.67, 5012
0.67, 5013
0.67, 5014
0.67, 5015
0.67, 5016
0.67, 5017
0.67, 5018
0.67, 5019
0.67, 5020
0.67, 5021
0.67, 5022
0.67, 5023
0.67, 5024
0.67, 5025
0.67, 5026
0.67, 5027
0.67, 5028
0.67, 5029
0.67, 5030
0.67, 5031
0.67, 5032
0.67, 5033
0.67, 5034
0.67, 5035
0.67, 5036
0.67, 5037
0.67, 5038
0.67, 5039
0.67, 5040
0.67, 5041
0.67, 5042
0.67, 5043
0.67, 5044
0.67, 5045
0.67, 5046
0.67, 5047
0.67, 5048
0.68, 5049
0.68, 5050
0.68, 5051
0.68, 5052
0.68, 5053
0.68, 5054
0.68, 5055
0.68, 5056
0.68, 5057
0.68, 5058
0.68, 5059
0.68, 5060
0.68, 5061
0.68, 5062
0.68, 5063
0.68, 5064
0.68, 5065
0.68, 5066
0.68, 5067
0.68, 5068
0.68, 5069
0.68, 5070
0.68, 5071
0.68, 5072
0.68, 5073
0.68, 5074
0.68, 5075
0.68, 5076
0.68, 5077
0.68, 5078
0.68, 5079
0.68, 5080
0.68, 5081
0.68, 5082
0.68, 5083
0.68, 5084
0.68, 5085
0.68, 5086
0.68, 5087
0.68, 5088
0.69, 5089
0.69, 5090
0.69, 5091
0.69, 5092
0.69, 5093
0.69, 5094
0.69, 5095
0.69, 5096
0.69, 5097
0.69, 5098
0.69, 5099
0.69, 5100
0.69, 5101
0.69, 5102
0.69, 5103
0.69, 5104
0.69, 5105
0.69, 5106
0.69, 5107
0.69, 5108
0.69, 5109
0.69, 5110
0.69, 5111
0.69, 5112
0.69, 5113
0.69, 5114
0.69, 5115
0.69, 5116
0.69, 5117
0.69, 5118
0.69, 5119
0.69, 5120
0.69, 5121
0.69, 5122
0.69, 5123
0.69, 5124
0.69, 5125
0.69, 5126
0.69, 5127
0.69, 5128
0.69, 5129
0.69, 5130
0.69, 5131
0.69, 5132
0.69, 5133
0.69, 5134
0.69, 5135
0.69, 5136
0.69, 5137
0.69, 5138
0.69, 5139
0.69, 5140
0.69, 5141
0.69, 5142
0.69, 5143
0.69, 5144
0.69, 5145
0.69, 5146
0.69, 5147
0.69, 5148
0.69, 5149
0.69, 5150
0.69, 5151
0.69, 5152
0.69, 5153
0.69, 5154
0.69, 5155
0.69, 5156
0.69, 5157
0.69, 5158
0.69, 5159
0.69, 5160
0.69, 5161
0.69, 5162
0.69, 5163
0.69, 5164
0.69, 5165
0.69, 5166
0.69, 5167
0.69, 5168
0.69, 5169
0.69, 5170
0.69, 5171
0.69, 5172
0.69, 5173
0.69, 5174
0.69, 5175
0.69, 5176
0.69, 5177
0.69, 5178
0.69, 5179
0.69, 5180
0.69, 5181
0.69, 5182
0.69, 5183
0.69, 5184
0.69, 5185
0.69, 5186
0.69, 5187
0.7, 5188
0.7, 5189
0.7, 5190
0.7, 5191
0.7, 5192
0.7, 5193
0.7, 5194
0.7, 5195
0.7, 5196
0.7, 5197
0.7, 5198
0.7, 5199
0.7, 5200
0.7, 5201
0.7, 5202
0.7, 5203
0.7, 5204
0.7, 5205
0.7, 5206
0.7, 5207
0.7, 5208
0.7, 5209
0.7, 5210
0.7, 5211
0.7, 5212
0.7, 5213
0.7, 5214
0.7, 5215
0.7, 5216
0.7, 5217
0.7, 5218
0.7, 5219
0.7, 5220
0.7, 5221
0.7, 5222
0.7, 5223
0.7, 5224
0.7, 5225
0.7, 5226
0.7, 5227
0.7, 5228
0.7, 5229
0.7, 5230
0.7, 5231
0.7, 5232
0.7, 5233
0.7, 5234
0.7, 5235
0.71, 5236
0.71, 5237
0.71, 5238
0.71, 5239
0.71, 5240
0.71, 5241
0.71, 5242
0.71, 5243
0.71, 5244
0.71, 5245
0.71, 5246
0.71, 5247
0.71, 5248
0.71, 5249
0.71, 5250
0.71, 5251
0.71, 5252
0.71, 5253
0.71, 5254
0.71, 5255
0.71, 5256
0.71, 5257
0.71, 5258
0.71, 5259
0.71, 5260
0.71, 5261
0.71, 5262
0.71, 5263
0.71, 5264
0.71, 5265
0.71, 5266
0.71, 5267
0.71, 5268
0.71, 5269
0.71, 5270
0.71, 5271
0.71, 5272
0.71, 5273
0.71, 5274
0.71, 5275
0.71, 5276
0.71, 5277
0.72, 5278
0.72, 5279
0.72, 5280
0.72, 5281
0.72, 5282
0.72, 5283
0.72, 5284
0.72, 5285
0.72, 5286
0.72, 5287
0.72, 5288
0.72, 5289
0.72, 5290
0.72, 5291
0.72, 5292
0.72, 5293
0.72, 5294
0.72, 5295
0.72, 5296
0.72, 5297
0.72, 5298
0.72, 5299
0.72, 5300
0.72, 5301
0.72, 5302
0.72, 5303
0.72, 5304
0.72, 5305
0.72, 5306
0.72, 5307
0.72, 5308
0.72, 5309
0.72, 5310
0.72, 5311
0.72, 5312
0.72, 5313
0.72, 5314
0.72, 5315
0.72, 5316
0.72, 5317
0.72, 5318
0.72, 5319
0.72, 5320
0.72, 5321
0.72, 5322
0.72, 5323
0.72, 5324
0.72, 5325
0.72, 5326
0.72, 5327
0.72, 5328
0.72, 5329
0.72, 5330
0.72, 5331
0.72, 5332
0.72, 5333
0.72, 5334
0.72, 5335
0.72, 5336
0.72, 5337
0.72, 5338
0.72, 5339
0.72, 5340
0.72, 5341
0.72, 5342
0.72, 5343
0.72, 5344
0.72, 5345
0.72, 5346
0.72, 5347
0.72, 5348
0.72, 5349
0.72, 5350
0.72, 5351
0.72, 5352
0.72, 5353
0.72, 5354
0.72, 5355
0.72, 5356
0.72, 5357
0.72, 5358
0.72, 5359
0.72, 5360
0.72, 5361
0.72, 5362
0.72, 5363
0.72, 5364
0.72, 5365
0.72, 5366
0.72, 5367
0.72, 5368
0.72, 5369
0.72, 5370
0.72, 5371
0.72, 5372
0.72, 5373
0.72, 5374
0.72, 5375
0.72, 5376
0.72, 5377
0.72, 5378
0.72, 5379
0.72, 5380
0.72, 5381
0.72, 5382
0.72, 5383
0.72, 5384
0.72, 5385
0.72, 5386
0.72, 5387
0.72, 5388
0.73, 5389
0.73, 5390
0.73, 5391
0.73, 5392
0.73, 5393
0.73, 5394
0.73, 5395
0.73, 5396
0.73, 5397
0.73, 5398
0.73, 5399
0.73, 5400
0.73, 5401
0.73, 5402
0.73, 5403
0.73, 5404
0.73, 5405
0.73, 5406
0.73, 5407
0.73, 5408
0.73, 5409
0.73, 5410
0.73, 5411
0.73, 5412
0.73, 5413
0.73, 5414
0.73, 5415
0.73, 5416
0.73, 5417
0.73, 5418
0.73, 5419
0.73, 5420
0.73, 5421
0.73, 5422
0.73, 5423
0.73, 5424
0.73, 5425
0.73, 5426
0.73, 5427
0.73, 5428
0.73, 5429
0.73, 5430
0.73, 5431
0.73, 5432
0.73, 5433
0.73, 5434
0.73, 5435
0.73, 5436
0.73, 5437
0.73, 5438
0.73, 5439
0.73, 5440
0.73, 5441
0.73, 5442
0.73, 5443
0.73, 5444
0.73, 5445
0.73, 5446
0.73, 5447
0.73, 5448
0.73, 5449
0.73, 5450
0.73, 5451
0.73, 5452
0.73, 5453
0.73, 5454
0.73, 5455
0.73, 5456
0.73, 5457
0.73, 5458
0.73, 5459
0.73, 5460
0.73, 5461
0.73, 5462
0.73, 5463
0.73, 5464
0.73, 5465
0.73, 5466
0.73, 5467
0.73, 5468
0.73, 5469
0.73, 5470
0.73, 5471
0.73, 5472
0.73, 5473
0.73, 5474
0.73, 5475
0.73, 5476
0.73, 5477
0.73, 5478
0.73, 5479
0.73, 5480
0.73, 5481
0.73, 5482
0.73, 5483
0.73, 5484
0.73, 5485
0.73, 5486
0.73, 5487
0.73, 5488
0.73, 5489
0.73, 5490
0.73, 5491
0.73, 5492
0.73, 5493
0.73, 5494
0.73, 5495
0.73, 5496
0.73, 5497
0.73, 5498
0.73, 5499
0.73, 5500
0.73, 5501
0.73, 5502
0.73, 5503
0.73, 5504
0.73, 5505
0.73, 5506
0.73, 5507
0.73, 5508
0.73, 5509
0.73, 5510
0.73, 5511
0.73, 5512
0.73, 5513
0.73, 5514
0.73, 5515
0.73, 5516
0.73, 5517
0.73, 5518
0.73, 5519
0.73, 5520
0.73, 5521
0.73, 5522
0.73, 5523
0.73, 5524
0.73, 5525
0.73, 5526
0.73, 5527
0.73, 5528
0.73, 5529
0.73, 5530
0.73, 5531
0.73, 5532
0.73, 5533
0.73, 5534
0.73, 5535
0.73, 5536
0.73, 5537
0.73, 5538
0.73, 5539
0.73, 5540
0.73, 5541
0.73, 5542
0.73, 5543
0.73, 5544
0.73, 5545
0.73, 5546
0.73, 5547
0.73, 5548
0.73, 5549
0.73, 5550
0.73, 5551
0.73, 5552
0.73, 5553
0.73, 5554
0.73, 5555
0.73, 5556
0.73, 5557
0.73, 5558
0.73, 5559
0.73, 5560
0.73, 5561
0.73, 5562
0.73, 5563
0.73, 5564
0.73, 5565
0.73, 5566
0.73, 5567
0.73, 5568
0.73, 5569
0.73, 5570
0.73, 5571
0.73, 5572
0.73, 5573
0.73, 5574
0.73, 5575
0.73, 5576
0.73, 5577
0.73, 5578
0.73, 5579
0.73, 5580
0.73, 5581
0.73, 5582
0.73, 5583
0.73, 5584
0.73, 5585
0.73, 5586
0.73, 5587
0.73, 5588
0.73, 5589
0.73, 5590
0.73, 5591
0.73, 5592
0.73, 5593
0.73, 5594
0.73, 5595
0.73, 5596
0.73, 5597
0.73, 5598
0.73, 5599
0.73, 5600
0.73, 5601
0.73, 5602
0.73, 5603
0.73, 5604
0.73, 5605
0.73, 5606
0.73, 5607
0.73, 5608
0.73, 5609
0.73, 5610
0.73, 5611
0.73, 5612
0.73, 5613
0.73, 5614
0.73, 5615
0.73, 5616
0.73, 5617
0.73, 5618
0.74, 5619
0.74, 5620
0.74, 5621
0.74, 5622
0.74, 5623
0.74, 5624
0.74, 5625
0.74, 5626
0.74, 5627
0.74, 5628
0.74, 5629
0.74, 5630
0.74, 5631
0.74, 5632
0.74, 5633
0.74, 5634
0.74, 5635
0.74, 5636
0.74, 5637
0.74, 5638
0.74, 5639
0.74, 5640
0.74, 5641
0.74, 5642
0.74, 5643
0.74, 5644
0.74, 5645
0.74, 5646
0.75, 5647
0.75, 5648
0.75, 5649
0.75, 5650
0.75, 5651
0.75, 5652
0.75, 5653
0.75, 5654
0.75, 5655
0.75, 5656
0.75, 5657
0.75, 5658
0.75, 5659
0.75, 5660
0.75, 5661
0.75, 5662
0.75, 5663
0.75, 5664
0.75, 5665
0.75, 5666
0.75, 5667
0.75, 5668
0.75, 5669
0.75, 5670
0.75, 5671
0.75, 5672
0.75, 5673
0.75, 5674
0.75, 5675
0.75, 5676
0.75, 5677
0.75, 5678
0.75, 5679
0.75, 5680
0.75, 5681
0.75, 5682
0.75, 5683
0.75, 5684
0.75, 5685
0.75, 5686
0.75, 5687
0.75, 5688
0.75, 5689
0.75, 5690
0.75, 5691
0.75, 5692
0.75, 5693
0.75, 5694
0.75, 5695
0.75, 5696
0.75, 5697
0.75, 5698
0.75, 5699
0.75, 5700
0.75, 5701
0.75, 5702
0.75, 5703
0.75, 5704
0.75, 5705
0.75, 5706
0.75, 5707
0.75, 5708
0.75, 5709
0.75, 5710
0.75, 5711
0.75, 5712
0.75, 5713
0.75, 5714
0.75, 5715
0.75, 5716
0.75, 5717
0.75, 5718
0.75, 5719
0.75, 5720
0.75, 5721
0.75, 5722
0.75, 5723
0.75, 5724
0.75, 5725
0.75, 5726
0.75, 5727
0.75, 5728
0.75, 5729
0.75, 5730
0.75, 5731
0.75, 5732
0.75, 5733
0.75, 5734
0.75, 5735
0.75, 5736
0.75, 5737
0.75, 5738
0.75, 5739
0.75, 5740
0.75, 5741
0.75, 5742
0.76, 5743
0.76, 5744
0.76, 5745
0.76, 5746
0.76, 5747
0.76, 5748
0.76, 5749
0.76, 5750
0.76, 5751
0.76, 5752
0.76, 5753
0.76, 5754
0.76, 5755
0.76, 5756
0.76, 5757
0.76, 5758
0.76, 5759
0.76, 5760
0.76, 5761
0.76, 5762
0.76, 5763
0.76, 5764
0.76, 5765
0.76, 5766
0.76, 5767
0.76, 5768
0.77, 5769
0.77, 5770
0.77, 5771
0.77, 5772
0.77, 5773
0.77, 5774
0.77, 5775
0.77, 5776
0.77, 5777
0.77, 5778
0.77, 5779
0.77, 5780
0.77, 5781
0.77, 5782
0.77, 5783
0.77, 5784
0.77, 5785
0.77, 5786
0.77, 5787
0.77, 5788
0.77, 5789
0.77, 5790
0.77, 5791
0.77, 5792
0.77, 5793
0.77, 5794
0.77, 5795
0.77, 5796
0.77, 5797
0.77, 5798
0.77, 5799
0.77, 5800
0.77, 5801
0.77, 5802
0.77, 5803
0.77, 5804
0.77, 5805
0.77, 5806
0.77, 5807
0.77, 5808
0.77, 5809
0.77, 5810
0.77, 5811
0.77, 5812
0.78, 5813
0.78, 5814
0.78, 5815
0.78, 5816
0.78, 5817
0.78, 5818
0.78, 5819
0.78, 5820
0.78, 5821
0.78, 5822
0.78, 5823
0.78, 5824
0.78, 5825
0.78, 5826
0.78, 5827
0.78, 5828
0.78, 5829
0.78, 5830
0.78, 5831
0.78, 5832
0.78, 5833
0.78, 5834
0.78, 5835
0.78, 5836
0.78, 5837
0.78, 5838
0.78, 5839
0.78, 5840
0.78, 5841
0.78, 5842
0.78, 5843
0.78, 5844
0.78, 5845
0.78, 5846
0.78, 5847
0.78, 5848
0.78, 5849
0.78, 5850
0.78, 5851
0.78, 5852
0.78, 5853
0.78, 5854
0.78, 5855
0.78, 5856
0.78, 5857
0.78, 5858
0.78, 5859
0.78, 5860
0.78, 5861
0.78, 5862
0.78, 5863
0.78, 5864
0.78, 5865
0.78, 5866
0.78, 5867
0.78, 5868
0.79, 5869
0.79, 5870
0.79, 5871
0.79, 5872
0.79, 5873
0.79, 5874
0.79, 5875
0.79, 5876
0.79, 5877
0.79, 5878
0.79, 5879
0.79, 5880
0.79, 5881
0.79, 5882
0.79, 5883
0.79, 5884
0.79, 5885
0.79, 5886
0.79, 5887
0.79, 5888
0.79, 5889
0.79, 5890
0.79, 5891
0.79, 5892
0.79, 5893
0.79, 5894
0.79, 5895
0.79, 5896
0.79, 5897
0.79, 5898
0.79, 5899
0.79, 5900
0.79, 5901
0.79, 5902
0.79, 5903
0.79, 5904
0.79, 5905
0.79, 5906
0.79, 5907
0.79, 5908
0.79, 5909
0.79, 5910
0.79, 5911
0.79, 5912
0.79, 5913
0.79, 5914
0.79, 5915
0.79, 5916
0.79, 5917
0.79, 5918
0.79, 5919
0.79, 5920
0.79, 5921
0.79, 5922
0.79, 5923
0.79, 5924
0.79, 5925
0.79, 5926
0.79, 5927
0.8, 5928
0.8, 5929
0.8, 5930
0.8, 5931
0.8, 5932
0.8, 5933
0.8, 5934
0.8, 5935
0.8, 5936
0.8, 5937
0.8, 5938
0.8, 5939
0.8, 5940
0.8, 5941
0.8, 5942
0.8, 5943
0.8, 5944
0.8, 5945
0.8, 5946
0.8, 5947
0.8, 5948
0.8, 5949
0.8, 5950
0.8, 5951
0.8, 5952
0.8, 5953
0.8, 5954
0.8, 5955
0.8, 5956
0.8, 5957
0.8, 5958
0.8, 5959
0.8, 5960
0.8, 5961
0.81, 5962
0.81, 5963
0.81, 5964
0.81, 5965
0.81, 5966
0.81, 5967
0.81, 5968
0.81, 5969
0.81, 5970
0.81, 5971
0.81, 5972
0.81, 5973
0.81, 5974
0.81, 5975
0.81, 5976
0.81, 5977
0.81, 5978
0.81, 5979
0.81, 5980
0.81, 5981
0.81, 5982
0.81, 5983
0.81, 5984
0.81, 5985
0.81, 5986
0.81, 5987
0.81, 5988
0.81, 5989
0.81, 5990
0.81, 5991
0.81, 5992
0.81, 5993
0.81, 5994
0.81, 5995
0.81, 5996
0.81, 5997
0.81, 5998
0.81, 5999
0.81, 6000
0.81, 6001
0.81, 6002
0.81, 6003
0.81, 6004
0.81, 6005
0.81, 6006
0.81, 6007
0.81, 6008
0.81, 6009
0.81, 6010
0.81, 6011
0.81, 6012
0.81, 6013
0.82, 6014
0.82, 6015
0.82, 6016
0.82, 6017
0.82, 6018
0.82, 6019
0.82, 6020
0.82, 6021
0.82, 6022
0.82, 6023
0.82, 6024
0.82, 6025
0.82, 6026
0.82, 6027
0.82, 6028
0.82, 6029
0.82, 6030
0.82, 6031
0.82, 6032
0.82, 6033
0.82, 6034
0.82, 6035
0.82, 6036
0.82, 6037
0.82, 6038
0.82, 6039
0.82, 6040
0.82, 6041
0.82, 6042
0.82, 6043
0.82, 6044
0.82, 6045
0.82, 6046
0.82, 6047
0.82, 6048
0.82, 6049
0.82, 6050
0.82, 6051
0.82, 6052
0.82, 6053
0.82, 6054
0.82, 6055
0.82, 6056
0.82, 6057
0.82, 6058
0.82, 6059
0.82, 6060
0.82, 6061
0.83, 6062
0.83, 6063
0.83, 6064
0.83, 6065
0.83, 6066
0.83, 6067
0.83, 6068
0.83, 6069
0.83, 6070
0.83, 6071
0.83, 6072
0.83, 6073
0.83, 6074
0.83, 6075
0.83, 6076
0.83, 6077
0.83, 6078
0.83, 6079
0.83, 6080
0.83, 6081
0.83, 6082
0.83, 6083
0.83, 6084
0.83, 6085
0.83, 6086
0.83, 6087
0.83, 6088
0.83, 6089
0.83, 6090
0.83, 6091
0.83, 6092
0.83, 6093
0.83, 6094
0.83, 6095
0.83, 6096
0.83, 6097
0.83, 6098
0.83, 6099
0.83, 6100
0.83, 6101
0.83, 6102
0.83, 6103
0.83, 6104
0.83, 6105
0.83, 6106
0.83, 6107
0.83, 6108
0.83, 6109
0.83, 6110
0.83, 6111
0.83, 6112
0.83, 6113
0.83, 6114
0.83, 6115
0.83, 6116
0.83, 6117
0.83, 6118
0.83, 6119
0.84, 6120
0.84, 6121
0.84, 6122
0.84, 6123
0.84, 6124
0.84, 6125
0.84, 6126
0.84, 6127
0.84, 6128
0.84, 6129
0.84, 6130
0.84, 6131
0.84, 6132
0.84, 6133
0.84, 6134
0.84, 6135
0.84, 6136
0.84, 6137
0.84, 6138
0.84, 6139
0.84, 6140
0.84, 6141
0.84, 6142
0.84, 6143
0.85, 6144
0.85, 6145
0.85, 6146
0.85, 6147
0.85, 6148
0.85, 6149
0.85, 6150
0.85, 6151
0.85, 6152
0.85, 6153
0.85, 6154
0.85, 6155
0.85, 6156
0.85, 6157
0.85, 6158
0.85, 6159
0.85, 6160
0.85, 6161
0.85, 6162
0.85, 6163
0.85, 6164
0.85, 6165
0.85, 6166
0.85, 6167
0.85, 6168
0.85, 6169
0.85, 6170
0.85, 6171
0.85, 6172
0.85, 6173
0.85, 6174
0.85, 6175
0.85, 6176
0.85, 6177
0.85, 6178
0.85, 6179
0.85, 6180
0.85, 6181
0.85, 6182
0.85, 6183
0.85, 6184
0.85, 6185
0.85, 6186
0.85, 6187
0.85, 6188
0.85, 6189
0.85, 6190
0.85, 6191
0.85, 6192
0.85, 6193
0.85, 6194
0.85, 6195
0.85, 6196
0.85, 6197
0.85, 6198
0.85, 6199
0.85, 6200
0.85, 6201
0.85, 6202
0.85, 6203
0.85, 6204
0.85, 6205
0.85, 6206
0.85, 6207
0.85, 6208
0.85, 6209
0.85, 6210
0.85, 6211
0.85, 6212
0.85, 6213
0.85, 6214
0.85, 6215
0.85, 6216
0.85, 6217
0.85, 6218
0.85, 6219
0.85, 6220
0.85, 6221
0.85, 6222
0.85, 6223
0.85, 6224
0.86, 6225
0.86, 6226
0.86, 6227
0.86, 6228
0.86, 6229
0.86, 6230
0.86, 6231
0.86, 6232
0.86, 6233
0.86, 6234
0.86, 6235
0.86, 6236
0.86, 6237
0.86, 6238
0.86, 6239
0.86, 6240
0.86, 6241
0.86, 6242
0.86, 6243
0.86, 6244
0.86, 6245
0.86, 6246
0.86, 6247
0.86, 6248
0.86, 6249
0.86, 6250
0.86, 6251
0.86, 6252
0.86, 6253
0.86, 6254
0.86, 6255
0.86, 6256
0.86, 6257
0.86, 6258
0.86, 6259
0.87, 6260
0.87, 6261
0.87, 6262
0.87, 6263
0.87, 6264
0.87, 6265
0.87, 6266
0.87, 6267
0.87, 6268
0.87, 6269
0.87, 6270
0.87, 6271
0.87, 6272
0.87, 6273
0.87, 6274
0.87, 6275
0.87, 6276
0.87, 6277
0.87, 6278
0.87, 6279
0.87, 6280
0.87, 6281
0.87, 6282
0.87, 6283
0.87, 6284
0.87, 6285
0.87, 6286
0.87, 6287
0.87, 6288
0.87, 6289
0.88, 6290
0.88, 6291
0.88, 6292
0.88, 6293
0.88, 6294
0.88, 6295
0.88, 6296
0.88, 6297
0.88, 6298
0.88, 6299
0.88, 6300
0.88, 6301
0.88, 6302
0.88, 6303
0.88, 6304
0.88, 6305
0.88, 6306
0.88, 6307
0.88, 6308
0.88, 6309
0.88, 6310
0.88, 6311
0.88, 6312
0.88, 6313
0.88, 6314
0.88, 6315
0.88, 6316
0.88, 6317
0.88, 6318
0.88, 6319
0.88, 6320
0.88, 6321
0.88, 6322
0.88, 6323
0.88, 6324
0.88, 6325
0.88, 6326
0.88, 6327
0.88, 6328
0.88, 6329
0.89, 6330
0.89, 6331
0.89, 6332
0.89, 6333
0.89, 6334
0.89, 6335
0.89, 6336
0.89, 6337
0.89, 6338
0.89, 6339
0.89, 6340
0.89, 6341
0.89, 6342
0.89, 6343
0.89, 6344
0.89, 6345
0.89, 6346
0.89, 6347
0.89, 6348
0.89, 6349
0.89, 6350
0.89, 6351
0.89, 6352
0.89, 6353
0.89, 6354
0.89, 6355
0.89, 6356
0.89, 6357
0.89, 6358
0.89, 6359
0.89, 6360
0.89, 6361
0.89, 6362
0.89, 6363
0.89, 6364
0.89, 6365
0.89, 6366
0.89, 6367
0.89, 6368
0.89, 6369
0.89, 6370
0.9, 6371
0.9, 6372
0.9, 6373
0.9, 6374
0.9, 6375
0.9, 6376
0.9, 6377
0.9, 6378
0.9, 6379
0.9, 6380
0.9, 6381
0.9, 6382
0.9, 6383
0.9, 6384
0.9, 6385
0.9, 6386
0.9, 6387
0.9, 6388
0.9, 6389
0.9, 6390
0.9, 6391
0.9, 6392
0.9, 6393
0.9, 6394
0.9, 6395
0.9, 6396
0.9, 6397
0.9, 6398
0.9, 6399
0.9, 6400
0.9, 6401
0.9, 6402
0.9, 6403
0.9, 6404
0.9, 6405
0.9, 6406
0.9, 6407
0.9, 6408
0.9, 6409
0.9, 6410
0.9, 6411
0.9, 6412
0.9, 6413
0.9, 6414
0.9, 6415
0.9, 6416
0.9, 6417
0.9, 6418
0.9, 6419
0.9, 6420
0.9, 6421
0.9, 6422
0.9, 6423
0.9, 6424
0.9, 6425
0.9, 6426
0.9, 6427
0.9, 6428
0.9, 6429
0.9, 6430
0.9, 6431
0.9, 6432
0.9, 6433
0.9, 6434
0.9, 6435
0.9, 6436
0.9, 6437
0.9, 6438
0.9, 6439
0.9, 6440
0.9, 6441
0.9, 6442
0.9, 6443
0.9, 6444
0.9, 6445
0.9, 6446
0.9, 6447
0.9, 6448
0.9, 6449
0.9, 6450
0.9, 6451
0.9, 6452
0.9, 6453
0.9, 6454
0.9, 6455
0.9, 6456
0.9, 6457
0.9, 6458
0.9, 6459
0.9, 6460
0.9, 6461
0.9, 6462
0.9, 6463
0.9, 6464
0.9, 6465
0.9, 6466
0.9, 6467
0.9, 6468
0.9, 6469
0.9, 6470
0.9, 6471
0.9, 6472
0.9, 6473
0.9, 6474
0.9, 6475
0.9, 6476
0.9, 6477
0.9, 6478
0.9, 6479
0.9, 6480
0.9, 6481
0.9, 6482
0.9, 6483
0.9, 6484
0.9, 6485
0.9, 6486
0.9, 6487
0.9, 6488
0.9, 6489
0.9, 6490
0.9, 6491
0.9, 6492
0.9, 6493
0.9, 6494
0.9, 6495
0.9, 6496
0.9, 6497
0.9, 6498
0.9, 6499
0.9, 6500
0.9, 6501
0.9, 6502
0.9, 6503
0.9, 6504
0.9, 6505
0.9, 6506
0.9, 6507
0.9, 6508
0.9, 6509
0.9, 6510
0.9, 6511
0.9, 6512
0.9, 6513
0.9, 6514
0.9, 6515
0.9, 6516
0.9, 6517
0.9, 6518
0.9, 6519
0.9, 6520
0.9, 6521
0.9, 6522
0.9, 6523
0.9, 6524
0.9, 6525
0.9, 6526
0.9, 6527
0.9, 6528
0.9, 6529
0.9, 6530
0.9, 6531
0.9, 6532
0.9, 6533
0.9, 6534
0.9, 6535
0.9, 6536
0.9, 6537
0.9, 6538
0.9, 6539
0.9, 6540
0.9, 6541
0.9, 6542
0.9, 6543
0.9, 6544
0.9, 6545
0.9, 6546
0.9, 6547
0.9, 6548
0.9, 6549
0.9, 6550
0.9, 6551
0.9, 6552
0.9, 6553
0.9, 6554
0.9, 6555
0.9, 6556
0.9, 6557
0.9, 6558
0.9, 6559
0.9, 6560
0.9, 6561
0.9, 6562
0.9, 6563
0.9, 6564
0.9, 6565
0.9, 6566
0.9, 6567
0.9, 6568
0.9, 6569
0.9, 6570
0.9, 6571
0.9, 6572
0.9, 6573
0.9, 6574
0.9, 6575
0.9, 6576
0.9, 6577
0.9, 6578
0.9, 6579
0.9, 6580
0.9, 6581
0.9, 6582
0.9, 6583
0.9, 6584
0.9, 6585
0.9, 6586
0.9, 6587
0.9, 6588
0.9, 6589
0.9, 6590
0.9, 6591
0.9, 6592
0.9, 6593
0.9, 6594
0.9, 6595
0.9, 6596
0.9, 6597
0.9, 6598
0.9, 6599
0.9, 6600
0.9, 6601
0.9, 6602
0.9, 6603
0.9, 6604
0.9, 6605
0.9, 6606
0.9, 6607
0.9, 6608
0.9, 6609
0.9, 6610
0.9, 6611
0.9, 6612
0.9, 6613
0.9, 6614
0.9, 6615
0.9, 6616
0.9, 6617
0.9, 6618
0.9, 6619
0.9, 6620
0.9, 6621
0.9, 6622
0.9, 6623
0.9, 6624
0.9, 6625
0.9, 6626
0.9, 6627
0.9, 6628
0.9, 6629
0.9, 6630
0.9, 6631
0.9, 6632
0.9, 6633
0.9, 6634
0.9, 6635
0.9, 6636
0.9, 6637
0.9, 6638
0.9, 6639
0.9, 6640
0.9, 6641
0.9, 6642
0.9, 6643
0.9, 6644
0.9, 6645
0.9, 6646
0.9, 6647
0.9, 6648
0.9, 6649
0.9, 6650
0.9, 6651
0.9, 6652
0.9, 6653
0.9, 6654
0.9, 6655
0.9, 6656
0.9, 6657
0.9, 6658
0.9, 6659
0.9, 6660
0.9, 6661
0.9, 6662
0.9, 6663
0.9, 6664
0.9, 6665
0.9, 6666
0.9, 6667
0.9, 6668
0.9, 6669
0.9, 6670
0.9, 6671
0.9, 6672
0.9, 6673
0.9, 6674
0.9, 6675
0.9, 6676
0.9, 6677
0.9, 6678
0.9, 6679
0.9, 6680
0.9, 6681
0.9, 6682
0.9, 6683
0.9, 6684
0.9, 6685
0.9, 6686
0.9, 6687
0.9, 6688
0.9, 6689
0.9, 6690
0.9, 6691
0.9, 6692
0.9, 6693
0.9, 6694
0.9, 6695
0.9, 6696
0.9, 6697
0.9, 6698
0.9, 6699
0.9, 6700
0.9, 6701
0.9, 6702
0.9, 6703
0.9, 6704
0.9, 6705
0.9, 6706
0.9, 6707
0.9, 6708
0.9, 6709
0.9, 6710
0.9, 6711
0.9, 6712
0.9, 6713
0.9, 6714
0.9, 6715
0.9, 6716
0.9, 6717
0.9, 6718
0.9, 6719
0.9, 6720
0.9, 6721
0.9, 6722
0.9, 6723
0.9, 6724
0.9, 6725
0.9, 6726
0.9, 6727
0.9, 6728
0.9, 6729
0.9, 6730
0.9, 6731
0.9, 6732
0.9, 6733
0.9, 6734
0.9, 6735
0.9, 6736
0.9, 6737
0.9, 6738
0.9, 6739
0.9, 6740
0.9, 6741
0.9, 6742
0.9, 6743
0.9, 6744
0.9, 6745
0.9, 6746
0.9, 6747
0.9, 6748
0.9, 6749
0.9, 6750
0.9, 6751
0.9, 6752
0.9, 6753
0.9, 6754
0.9, 6755
0.9, 6756
0.9, 6757
0.9, 6758
0.9, 6759
0.9, 6760
0.9, 6761
0.9, 6762
0.9, 6763
0.9, 6764
0.9, 6765
0.9, 6766
0.9, 6767
0.9, 6768
0.9, 6769
0.9, 6770
0.9, 6771
0.9, 6772
0.9, 6773
0.9, 6774
0.9, 6775
0.9, 6776
0.9, 6777
0.9, 6778
0.9, 6779
0.9, 6780
0.9, 6781
0.9, 6782
0.9, 6783
0.9, 6784
0.9, 6785
0.9, 6786
0.9, 6787
0.9, 6788
0.9, 6789
0.9, 6790
0.9, 6791
0.9, 6792
0.9, 6793
0.9, 6794
0.9, 6795
0.9, 6796
0.9, 6797
0.9, 6798
0.9, 6799
0.9, 6800
0.9, 6801
0.9, 6802
0.9, 6803
0.9, 6804
0.9, 6805
0.9, 6806
0.9, 6807
0.9, 6808
0.9, 6809
0.9, 6810
0.9, 6811
0.9, 6812
0.9, 6813
0.9, 6814
0.9, 6815
0.9, 6816
0.9, 6817
0.9, 6818
0.9, 6819
0.9, 6820
0.9, 6821
0.9, 6822
0.9, 6823
0.9, 6824
0.9, 6825
0.9, 6826
0.9, 6827
0.9, 6828
0.9, 6829
0.9, 6830
0.9, 6831
0.9, 6832
0.9, 6833
0.9, 6834
0.9, 6835
0.9, 6836
0.9, 6837
0.9, 6838
0.9, 6839
0.9, 6840
0.9, 6841
0.9, 6842
0.9, 6843
0.9, 6844
0.9, 6845
0.9, 6846
0.9, 6847
0.9, 6848
0.9, 6849
0.9, 6850
0.9, 6851
0.9, 6852
0.9, 6853
0.9, 6854
0.9, 6855
0.9, 6856
0.9, 6857
0.9, 6858
0.9, 6859
0.9, 6860
0.9, 6861
0.9, 6862
0.9, 6863
0.9, 6864
0.9, 6865
0.9, 6866
0.9, 6867
0.9, 6868
0.9, 6869
0.9, 6870
0.9, 6871
0.9, 6872
0.9, 6873
0.9, 6874
0.9, 6875
0.9, 6876
0.9, 6877
0.9, 6878
0.9, 6879
0.9, 6880
0.9, 6881
0.9, 6882
0.9, 6883
0.9, 6884
0.9, 6885
0.9, 6886
0.9, 6887
0.9, 6888
0.9, 6889
0.9, 6890
0.9, 6891
0.9, 6892
0.9, 6893
0.9, 6894
0.9, 6895
0.9, 6896
0.9, 6897
0.9, 6898
0.9, 6899
0.9, 6900
0.9, 6901
0.9, 6902
0.9, 6903
0.9, 6904
0.9, 6905
0.9, 6906
0.9, 6907
0.9, 6908
0.9, 6909
0.9, 6910
0.9, 6911
0.9, 6912
0.9, 6913
0.9, 6914
0.9, 6915
0.9, 6916
0.9, 6917
0.9, 6918
0.9, 6919
0.9, 6920
0.9, 6921
0.9, 6922
0.9, 6923
0.9, 6924
0.9, 6925
0.9, 6926
0.9, 6927
0.9, 6928
0.9, 6929
0.9, 6930
0.9, 6931
0.9, 6932
0.9, 6933
0.9, 6934
0.9, 6935
0.9, 6936
0.9, 6937
0.9, 6938
0.9, 6939
0.9, 6940
0.9, 6941
0.9, 6942
0.9, 6943
0.9, 6944
0.9, 6945
0.9, 6946
0.9, 6947
0.9, 6948
0.9, 6949
0.9, 6950
0.9, 6951
0.9, 6952
0.9, 6953
0.9, 6954
0.9, 6955
0.9, 6956
0.9, 6957
0.9, 6958
0.9, 6959
0.9, 6960
0.9, 6961
0.9, 6962
0.9, 6963
0.9, 6964
0.9, 6965
0.9, 6966
0.9, 6967
0.9, 6968
0.9, 6969
0.9, 6970
0.9, 6971
0.9, 6972
0.9, 6973
0.9, 6974
0.9, 6975
0.9, 6976
0.9, 6977
0.9, 6978
0.9, 6979
0.9, 6980
0.9, 6981
0.9, 6982
0.9, 6983
0.9, 6984
0.9, 6985
0.9, 6986
0.9, 6987
0.9, 6988
0.9, 6989
0.9, 6990
0.9, 6991
0.9, 6992
0.9, 6993
0.9, 6994
0.9, 6995
0.9, 6996
0.9, 6997
0.9, 6998
0.9, 6999
0.9, 7000
0.9, 7001
0.9, 7002
0.9, 7003
0.9, 7004
0.9, 7005
0.9, 7006
0.9, 7007
0.9, 7008
0.9, 7009
0.9, 7010
0.9, 7011
0.9, 7012
0.91, 7013
0.91, 7014
0.91, 7015
0.91, 7016
0.91, 7017
0.91, 7018
0.91, 7019
0.91, 7020
0.91, 7021
0.91, 7022
0.91, 7023
0.91, 7024
0.91, 7025
0.91, 7026
0.91, 7027
0.91, 7028
0.91, 7029
0.91, 7030
0.91, 7031
0.91, 7032
0.91, 7033
0.91, 7034
0.91, 7035
0.91, 7036
0.91, 7037
0.91, 7038
0.91, 7039
0.91, 7040
0.91, 7041
0.91, 7042
0.91, 7043
0.91, 7044
0.91, 7045
0.91, 7046
0.92, 7047
0.92, 7048
0.92, 7049
0.92, 7050
0.92, 7051
0.92, 7052
0.92, 7053
0.92, 7054
0.92, 7055
0.92, 7056
0.92, 7057
0.92, 7058
0.92, 7059
0.92, 7060
0.92, 7061
0.92, 7062
0.92, 7063
0.92, 7064
0.92, 7065
0.92, 7066
0.92, 7067
0.92, 7068
0.92, 7069
0.92, 7070
0.92, 7071
0.92, 7072
0.92, 7073
0.92, 7074
0.92, 7075
0.92, 7076
0.92, 7077
0.92, 7078
0.92, 7079
0.92, 7080
0.92, 7081
0.92, 7082
0.92, 7083
0.92, 7084
0.92, 7085
0.93, 7086
0.93, 7087
0.93, 7088
0.93, 7089
0.93, 7090
0.93, 7091
0.93, 7092
0.93, 7093
0.93, 7094
0.93, 7095
0.93, 7096
0.93, 7097
0.93, 7098
0.93, 7099
0.93, 7100
0.93, 7101
0.93, 7102
0.93, 7103
0.93, 7104
0.93, 7105
0.93, 7106
0.93, 7107
0.93, 7108
0.93, 7109
0.93, 7110
0.93, 7111
0.93, 7112
0.93, 7113
0.93, 7114
0.93, 7115
0.93, 7116
0.93, 7117
0.93, 7118
0.93, 7119
0.93, 7120
0.93, 7121
0.93, 7122
0.93, 7123
0.93, 7124
0.93, 7125
0.93, 7126
0.93, 7127
0.93, 7128
0.93, 7129
0.93, 7130
0.93, 7131
0.93, 7132
0.93, 7133
0.93, 7134
0.93, 7135
0.93, 7136
0.93, 7137
0.93, 7138
0.93, 7139
0.93, 7140
0.93, 7141
0.93, 7142
0.93, 7143
0.93, 7144
0.93, 7145
0.93, 7146
0.93, 7147
0.93, 7148
0.94, 7149
0.94, 7150
0.94, 7151
0.94, 7152
0.94, 7153
0.94, 7154
0.94, 7155
0.94, 7156
0.94, 7157
0.94, 7158
0.94, 7159
0.94, 7160
0.94, 7161
0.94, 7162
0.94, 7163
0.94, 7164
0.94, 7165
0.94, 7166
0.94, 7167
0.94, 7168
0.94, 7169
0.94, 7170
0.94, 7171
0.94, 7172
0.94, 7173
0.94, 7174
0.94, 7175
0.94, 7176
0.94, 7177
0.94, 7178
0.94, 7179
0.94, 7180
0.94, 7181
0.94, 7182
0.94, 7183
0.94, 7184
0.94, 7185
0.94, 7186
0.94, 7187
0.94, 7188
0.94, 7189
0.94, 7190
0.94, 7191
0.94, 7192
0.94, 7193
0.94, 7194
0.94, 7195
0.94, 7196
0.94, 7197
0.94, 7198
0.94, 7199
0.94, 7200
0.94, 7201
0.94, 7202
0.94, 7203
0.94, 7204
0.94, 7205
0.94, 7206
0.94, 7207
0.94, 7208
0.94, 7209
0.94, 7210
0.94, 7211
0.94, 7212
0.94, 7213
0.94, 7214
0.94, 7215
0.94, 7216
0.94, 7217
0.94, 7218
0.94, 7219
0.94, 7220
0.94, 7221
0.94, 7222
0.95, 7223
0.95, 7224
0.95, 7225
0.95, 7226
0.95, 7227
0.95, 7228
0.95, 7229
0.95, 7230
0.95, 7231
0.95, 7232
0.95, 7233
0.95, 7234
0.95, 7235
0.95, 7236
0.95, 7237
0.95, 7238
0.95, 7239
0.95, 7240
0.95, 7241
0.95, 7242
0.95, 7243
0.95, 7244
0.95, 7245
0.95, 7246
0.95, 7247
0.95, 7248
0.95, 7249
0.95, 7250
0.95, 7251
0.95, 7252
0.95, 7253
0.95, 7254
0.95, 7255
0.95, 7256
0.95, 7257
0.95, 7258
0.95, 7259
0.95, 7260
0.95, 7261
0.96, 7262
0.96, 7263
0.96, 7264
0.96, 7265
0.96, 7266
0.96, 7267
0.96, 7268
0.96, 7269
0.96, 7270
0.96, 7271
0.96, 7272
0.96, 7273
0.96, 7274
0.96, 7275
0.96, 7276
0.96, 7277
0.96, 7278
0.96, 7279
0.96, 7280
0.96, 7281
0.96, 7282
0.96, 7283
0.96, 7284
0.96, 7285
0.96, 7286
0.96, 7287
0.96, 7288
0.96, 7289
0.96, 7290
0.96, 7291
0.96, 7292
0.96, 7293
0.96, 7294
0.96, 7295
0.96, 7296
0.96, 7297
0.96, 7298
0.96, 7299
0.96, 7300
0.96, 7301
0.96, 7302
0.96, 7303
0.96, 7304
0.96, 7305
0.96, 7306
0.96, 7307
0.96, 7308
0.96, 7309
0.96, 7310
0.96, 7311
0.96, 7312
0.96, 7313
0.96, 7314
0.97, 7315
0.97, 7316
0.97, 7317
0.97, 7318
0.97, 7319
0.97, 7320
0.97, 7321
0.97, 7322
0.97, 7323
0.97, 7324
0.97, 7325
0.97, 7326
0.97, 7327
0.97, 7328
0.97, 7329
0.97, 7330
0.97, 7331
0.97, 7332
0.97, 7333
0.97, 7334
0.97, 7335
0.98, 7336
0.98, 7337
0.98, 7338
0.98, 7339
0.98, 7340
0.98, 7341
0.98, 7342
0.98, 7343
0.98, 7344
0.98, 7345
0.98, 7346
0.98, 7347
0.98, 7348
0.98, 7349
0.98, 7350
0.98, 7351
0.98, 7352
0.98, 7353
0.98, 7354
0.98, 7355
0.98, 7356
0.98, 7357
0.98, 7358
0.98, 7359
0.98, 7360
0.98, 7361
0.98, 7362
0.98, 7363
0.98, 7364
0.98, 7365
0.98, 7366
0.98, 7367
0.98, 7368
0.98, 7369
0.98, 7370
0.98, 7371
0.98, 7372
0.98, 7373
0.98, 7374
0.98, 7375
0.98, 7376
0.98, 7377
0.99, 7378
0.99, 7379
0.99, 7380
0.99, 7381
0.99, 7382
0.99, 7383
0.99, 7384
0.99, 7385
0.99, 7386
0.99, 7387
0.99, 7388
0.99, 7389
0.99, 7390
0.99, 7391
0.99, 7392
0.99, 7393
0.99, 7394
0.99, 7395
0.99, 7396
0.99, 7397
0.99, 7398
0.99, 7399
0.99, 7400
0.99, 7401
0.99, 7402
0.99, 7403
0.99, 7404
0.99, 7405
0.99, 7406
0.99, 7407
0.99, 7408
0.99, 7409
0.99, 7410
0.99, 7411
0.99, 7412
0.99, 7413
0.99, 7414
0.99, 7415
0.99, 7416
0.99, 7417
0.99, 7418
0.99, 7419
0.99, 7420
0.99, 7421
0.99, 7422
0.99, 7423
0.99, 7424
0.99, 7425
0.99, 7426
0.99, 7427
0.99, 7428
0.99, 7429
0.99, 7430
0.99, 7431
0.99, 7432
0.99, 7433
0.99, 7434
0.99, 7435
0.99, 7436
0.99, 7437
0.99, 7438
0.99, 7439
0.99, 7440
0.99, 7441
0.99, 7442
1, 7443
